document_id,external_id,name,file_path
99060742,2-s2.0-0024899674,Optimal rocket maneuvers in space,
3334785,2-s2.0-84911415044,Protocol to evaluate the impact of yoga supplementation on cognitive function in schizophrenia: A randomised controlled trial,
1691071158,2-s2.0-85111713160,Concrete durability-influencing factors and testing,
45582,2-s2.0-85179755906,A Pulse Wave Velocity Estimation Method for a Wearable Monitoring Device: Feasibility and Preliminary Experimental Results,
827696,2-s2.0-85163710013,Multi-stage Logistics Inventory for Automobile Manufacturing by Random Key-Based GA,
71618,2-s2.0-0001911280,"Cartels, spontaneous price discrimination and international pharmacy retailing",
767630,2-s2.0-105012359992,BLOCKCHAIN: THE NEW ERA OF DIGITAL IDENTIFICATION ON THE INTERNET,
9514490,2-s2.0-0019804034,Controls developing for fugitive emissions,
570636,2-s2.0-85140403499,"The interplay between financial development, electricity consumption and foreign direct investment in the GCC countries: new insights from GMM panel VAR",
997679,2-s2.0-85085307372,Amniotic membrane mesenchymal stem cells labeled by iron oxide nanoparticles exert cardioprotective effects against isoproterenol (ISO)-induced myocardial damage by targeting inflammatory MAPK/NF-κB pathway,
398753,2-s2.0-85056076442,Toward harmonizing ecotoxicity characterization in life cycle impact assessment,
38747601,2-s2.0-85124309472,Corrosion Detection of Structural Reinforcement Based on Artificial Intelligence Technology,
5103222111,2-s2.0-85089993397,Invasive vertebrate eradications on islands as a tool for implementing global Sustainable Development Goals,
2414746,2-s2.0-85168238077,Thyroid axis participates in high-temperature-induced male sex reversal through its activation by the stress response,
943878663,2-s2.0-105029055901,Robust Flow Regulation Using Orifice and J-Valve Combination in Circulating Fluidized Bed Thermal Energy Storage,
90819808,2-s2.0-45549111291,Forecasting manpower demand and supply. A model for the accounting profession in Canada,
14525,2-s2.0-86000432371,Enhancing the 2.7 μm fluorescence emission intensity of Er3+-doped KBa0.94Ca0.06Y(MoO4)3 laser crystal via Nd3+ sensitization and deactivation mechanisms,
89697297,2-s2.0-105037402950,A nonlinear time-delay modeling case study of Tuberculosis transmission in Algeria: 1990–2024,
6747011,2-s2.0-85170432317,Citizen building scientist? The opportunity and challenge of citizen involvement in building retrofits,
15330,2-s2.0-105010695153,Wallace Tree Multiplier Using Reversible Logic With Brent-Kung Adder,
4429879399,2-s2.0-84942474262,Equivalent circuit parameters calculation of a wound rotor brushless Doubly-Fed Machine based on finite element analysis,
95545,2-s2.0-105025134858,"Enhancing the safety, sustainability, and efficiency of airport operations through data-driven trajectory-based simulation and optimization",
499750737,2-s2.0-85119019633,Intelligent Caching in UAV-Aided Networks,
351693,2-s2.0-105019934265,Study on multi-mode failure mechanisms and synergistic energy absorption effects of CFRP composite thin-walled tubes under oblique compression,
41016877,2-s2.0-85163111455,An auto-tuned droop coefficient-based controller for microgrid system to enhance grid resilience during blackouts,
1676,2-s2.0-84958485768,Analysis of the energy dependence of the photorefractive gain in nanosecond wave mixing in semiconductor crystals,
56732,2-s2.0-85072411645,Controls for hydrostatic transmissions-present and future,
518513381,2-s2.0-85218970389,A coplanar metamaterial with variable channels for ventilated noise control,
1633800,2-s2.0-85145979359,Experimental analysis and machine learning research on tunnel carriage fire spread and temperature evolution,
1775424,2-s2.0-85084026314,Structural basis of light-harvesting in the photosystem II core complex,
759254,2-s2.0-85104717655,Environmental regulation induces technological change and green transformation in Chinese cities,
4065,2-s2.0-84898851612,The schedule control of nuclear power construction phase of project approval and administrative licensing,
4232,2-s2.0-79952110203,Spatial control of cell adhesion and patterning through mussel-inspired surface modification by polydopamine,
26204456,2-s2.0-85008392115,‘The program was the solution to the problem’: Process evaluation of a multi-site driver licensing program in remote communities,
126055,2-s2.0-33947166711,Enhancement of stable operation for induction generators in wind form,
423501,2-s2.0-85163709710,Live Streaming using SRT with QUIC Datagrams,
192450,2-s2.0-85011269432,Hospital-associated infections,
717433,2-s2.0-105014917926,Simplifying Antibiotic Management of Peritonitis in APD: Evidence from a Non-Inferiority Randomized Trial,
973591,2-s2.0-85112865680,Index-Based Solutions for Efficient Density Peak Clustering,
79587323,2-s2.0-85174862731,A blueprint for success in real-world evidence: “glocal” approach to building capabilities and generating impactful evidence,
330020643,2-s2.0-84920019032,Herbicides and pesticides as potential pollutants: A global problem,
11139313,2-s2.0-105035644227,Temperature-dependent heterogeneous deformation mechanism of 95 W-Ni-Fe tungsten heavy alloy: Insights from experiment and real mesostructure-based finite element simulation,
2493,2-s2.0-85072430001,Catalytic performance of alumina for NOx control in diesel exhaust,
7740882,2-s2.0-84897139877,Small-signal modeling and networked control of a PHEV charging facility,
4458360046,2-s2.0-105029865586,Analysis of RF Sheath-Driven Tungsten Erosion at RF Antenna in the WEST Tokamak,
3931373695,2-s2.0-84957437512,3D Virtual Pome Fruit Tissue Generation Based on Cell Growth Modeling,
6094384,2-s2.0-105010175062,AI-driven framework for text neck syndrome detection using non-contact software-defined RF sensing and sequential deep learning,
67561730,2-s2.0-85141871709,"Improvement of German Chamomile (Matricaria recutita L.) for Mechanical Harvesting, High Flower Yield and Essential Oil Content Using Physical and Chemical Mutagenesis",
49100307,2-s2.0-33646264044,"Treatment of campus wastewater by a pilot-scale constructed wetland utilizing Typha latifolia, Juncus acutus and Iris versicolor",
3352961,2-s2.0-85209715728,The microlayer and force balance of bubbles growing on solid in nucleate boiling,
57396,2-s2.0-84883727780,Study on deepwater submerged pump skid for installation of suction piles,
5352727,2-s2.0-105029338571,Deposit-refund systems in practice and theory,
99877312,2-s2.0-85083000198,Experimental study of pressure-relief and permeability improvement effect of the remote protected layer crossing coal groups with double key strata,
87306,2-s2.0-64349084462,A structured approach to modelling the effects of binary exposure variables over the life course,
700667654,2-s2.0-85122367301,Distortion Control in laser welding of SS316L using Taguchi optimisation Techniques,
2479,2-s2.0-42549151967,Case report: Effects of a new orthosis and physical therapy on gait in a subject with longstanding hemiplegia,
890344,2-s2.0-48249132813,"Biosynthesis of the 3,4-dihydroxybenzoate moieties of petrobactin by Bacillus anthracis",
799220,2-s2.0-85048553612,Sensitivity/uncertainty analyses comparing LR-0 reactor experiments containing FLiBe salt with models for molten-salt-cooled and molten-salt-fueled reactors,
3069042713,2-s2.0-85003297590,Digital adaptive flight control system for aerospace vehicles,
3317298847,2-s2.0-85122813643,"Urban vibrancy, human capital and firm valuation in China",
2938694387,2-s2.0-85072353214,Turbocharging the chrysler 2.2 liter engine,
89189,2-s2.0-52349091107,Full state feedback digital control of WECS with state estimation by stochastic modeling design,
944772937,2-s2.0-0141489112,Correlation length and time in the vortex-glass critical regime in YBa2Cu3O7-x films,
6882387,2-s2.0-0033312323,Finite element analysis on structure strength of a solid impulsive microthruster,
521432,2-s2.0-85172235055,Short-Term Prediction of Multi-Energy Loads Based on Copula Correlation Analysis and Model Fusions,
465769728,2-s2.0-0019608444,Optimum pulse control of flexible structures,
727340860,2-s2.0-85196524667,Harnessing systems biology approach for characterization of carotenoid biosynthesis pathways in microalgae,
3067,2-s2.0-0014533296,Computer simulation of a self-preserving and learning organism,
650872,2-s2.0-77955320705,Low-energy pipelined multiple-valued current-mode circuit with 8-level static current-source control,
4200,2-s2.0-85211435944,Human-in-the-Loop Learning With LLMs for Efficient RASE Tagging in Building Compliance Regulations,
782920,2-s2.0-85028540183,Priority-based Session Admission Control method for next generation Internet,
615499,2-s2.0-85062938483,Deposition of Antibody Modified Upconversion Nanoparticles on Glass by a Laser-Assisted Method to Improve the Performance of Cell Culture,
93241,2-s2.0-85077653927,Sex differences in the association between exposure to indoor particulate matter and cognitive control among children (age 6–14 years) living near coal-fired power plants,
598930,2-s2.0-2442442429,Real-time pedestrian counting by active linear cameras,
237625,2-s2.0-85185540657,A Secure Dual-Layer Fault Protection Strategy for Distribution Network with DERs: Enhancing Security in the Face of Communication Challenges,
613664040,2-s2.0-85114827552,Field evaluation of rootstocks for 'Improved French' prune production in California grower trials,
2428051640,2-s2.0-105035777280,Multifunctional SnS Thin Film for Next-Generation Room-Temperature Gas Sensing and High-Performance Photodetection,
8774782,2-s2.0-105030345622,Enhanced Fault Current Supply Capability of Grid-Forming Converters Using Variable DC-Link Six-Step Operation,
132555,2-s2.0-85076764530,Protection coordination system for a converter dominated standalone DC microgrid,
476790,2-s2.0-78049322197,Research on monorail car's wireless positioning and speed measurement,
7354,2-s2.0-105015084620,Not just about Ukraine: Russia’s invasion as the final nail in the arms control coffin?,
691361169,2-s2.0-85103342669,Overexpression of VlPRX21 and VlPRX35 genes in Arabidopsis plants leads to bioconversion of trans-resveratrol to δ-viniferin,
44545917,2-s2.0-105009402562,Among Them: A Game-Based Framework for Assessing Persuasion Capabilities of LLMs,
6837213,2-s2.0-67650520092,Frequency point distribution algorithm based on the coloring for wireless sensor network,
2174143689,2-s2.0-51749091492,Technique for characterization of dimensional changes in slanted holographic gratings by monitoring the angular selectivity profile,
68455,2-s2.0-85001576968,Experimental investigation of Fan-in-Wing aerodynamic performance in hover,
8824,2-s2.0-105042561295,R&D investment and cash dividends: Suppression or promotion?,
20324963,2-s2.0-85087138064,Seizure protein 6 controls glycosylation and trafficking of kainate receptor subunits GluK2 and GluK3,
330420306,2-s2.0-85076409416,MPC-based Precision Cooling Strategy (PCS) for Efficient Thermal Management of Automotive Air Conditioning System,
1811820452,2-s2.0-84857785790,On the impact of virtual traffic lights on carbon emissions mitigation,
7508,2-s2.0-85117485754,The influence of rule changes on design and performance of offshore vessels – Myths meet reality,
122563439,2-s2.0-85169319482,Innovation and Prospect of Safety Risk Classification Management and Control in Beijing Urban Rail Transit Project Construction,
6530514,2-s2.0-85200704594,Towards An Intuitive Virtual Reality Interface using Cable-Driven Parallel Robots for Space Exploration,
58160,2-s2.0-79960677450,Sand erosion wear assessment methods for rotor blades,
72770,2-s2.0-85029039090,The attitude of construction-related students toward sustainability in the built environment in South Korea,
206433362,2-s2.0-85186602687,Does green finance affect renewable energy development in Singapore?,
5341,2-s2.0-85125453207,An integrated cluster-wise significance measure for fMRI analysis,
58050,2-s2.0-85189170354,A Stochastic MPC-Based Flexibility Scheduling Strategy for Community Integrated Energy System Considering Multi-Temporal-Spatial-Scale and Inertia Components,
82409,2-s2.0-105006997354,Integrative review of interventions with a focus on school climate,
65130619,2-s2.0-84892973370,Combination of reverse transcription and multienzyme restriction fragment length polymorphism analysis for rapid detection of Escherichia coli,
599998,2-s2.0-84868525381,Semantic reasoning in context-aware assistive environments to support ageing with dementia,
83004,2-s2.0-13944274166,Analysis of trends in construction research: 1985-2002,
190508257,2-s2.0-84901280760,Evaluation of candidate biocides to control the biofouling Asian clam in the drinking water treatment industry: An environmentally friendly approach,
9119,2-s2.0-85092315389,Modeling multifrequency GPS multipath fading in land vehicle environments,
656318750,2-s2.0-85121937179,Charge trapped mechanism for semi-crystalline polymer electrets: Quasi-dipole model,
40681270,2-s2.0-85061616494,Rotational barriers of carbamate‐protected amine crosslinkers for hydrogels: A combined experimental and computational study,
1900987332,2-s2.0-105033166359,Numerical Simulation of a Natural Convection–Driven Air-Cooled Reactor Cavity Cooling System Experiment,
26471,2-s2.0-105006533291,Micro(nano)plastics in farm animals: Health effects,
69060388,2-s2.0-0035396370,Interatomic collisions in a tightly confined Bose gas,
39100,2-s2.0-85161477711,The Case for Vetoing General Permits under Section 404(c) of the Clean Water Act,
56611,2-s2.0-85183451509,Cognitive robotics: Deep learning approaches for trajectory and motion control in complex environment,
35479106,2-s2.0-84989950220,"Integrated assessment of exergy, energy and carbon dioxide emissions in an iron and steel industrial network",
3358867748,2-s2.0-84930721233,Recent update on echinococcosis and water,
4094323998,2-s2.0-85115126089,A Traffic Light Control System Based on Reinforcement Learning and Adaptive Timing,
3043,2-s2.0-0000001543,Evidence of refrigerating action by means of photon emission in semiconductor diodes,
94060,2-s2.0-84877981350,Comparative study of stress by four heavy metals on Chlamydomonas reinhardtii and the potential application in BBE algae toximeter,
72015,2-s2.0-14844359426,"Simplified graphical approaches for CDMA multi-user detection, decoding and power control",
18638,2-s2.0-85062333259,Research Status on Quality Inspection and Life Evaluation of Self-lubricating Spherical Plain Bearings,
271830946,2-s2.0-105010878538,A comprehensive bibliometric analysis of research on health and environmental impacts of particle emissions from wood combustion in residential heating,
4944185,2-s2.0-85050001964,Energy efficient buildings based on occupants behaviour: A survey,
564073,2-s2.0-33748497826,Ultrafast solvation dynamics of an ion in the γ-cyclodextrin cavity: The role of restricted environment,
21695,2-s2.0-105041103747,The association between maternal FT3/FT4 ratio in early pregnancy and adverse neonatal outcomes: a retrospective cohort study,
17832994,2-s2.0-85054414870,Diagonal tests on adobe panels reinforced by traditional and innovative anti-seismic retrofits,
587538,2-s2.0-0026527903,Is there energy conservation in amenorrheic compared with eumenorrheic distance runners?,
5051218,2-s2.0-105008374456,A NEW FIELD ORIENTED CONTROL WITH SYNERGETIC CONTROL FOR AN URBAN ELECTRIC VEHICLE,
4681541037,2-s2.0-0003575671,Mushroom tunnel climate: Neural networks compared,
63194,2-s2.0-84992096887,Consistent multi-view texturing of detailed 3D surface models,
87127286,2-s2.0-105031209094,The supreme administrative court and the legislature in Sweden,
6436,2-s2.0-0033782959,Nutritional and metabolic issues in cirrhosis and liver transplantation,
4084,2-s2.0-85045509525,Role of metabolic spatiotemporal dynamics in regulating biofilm colony expansion,
4082196,2-s2.0-85079094104,Application of Improved Particle Swarm Optimization in Vehicle Depot Overhaul Shop Scheduling,
3107423659,2-s2.0-84872193369,Understanding the mechanisms underlying the production of facial expression of emotion: A componential perspective,
3646383,2-s2.0-84978427788,"Parameterization and comparative evaluation of the CCN number concentration on Mt. Huang, China",
1580620486,2-s2.0-105032196340,"Progress in Engine Carbon Deposition Prevention Strategies: From Evolutionary Mechanisms, Preventive Measures to Removal Strategies",
4566937098,2-s2.0-77956586982,ANPC-5L technology applied to medium voltage variable speed drives applications,
9354,2-s2.0-85036458646,"Identification of dominant interactions between climatic seasonality, catchment characteristics and agricultural activities on Budyko-type equation parameter estimation",
2029605,2-s2.0-33744525053,Application of a constructed wetland for industrial wastewater treatment: A pilot-scale study,
42811,2-s2.0-105035674626,Adaptive Proportional Integral Derivative Controller Optimization using Bio-inspired Metaheuristics for Enhanced Boiler-Turbine Dynamics,
586611679,2-s2.0-85202894752,"High-efficient removal of tebuconazole from aqueous solutions using P-doped corn straw biochar: Performance, mechanism and application",
3165300703,2-s2.0-84961184794,Distributed Optimization for Shared State Systems: Applications to Decentralized Freeway Control via Subnetwork Splitting,
40620389,2-s2.0-85141015905,The Transformation of 40-Year Coastal Wetland Policies in China: Network Analysis and Text Analysis,
259934941,2-s2.0-105003209323,The Transformation of Normalization Standard of Smith Chart for Microwave Networks With Multiple Impedance Transmission Lines,
677790,2-s2.0-84867949891,Analysis and control of DC-DC boost converter using average power balance control (APBC),
1214805,2-s2.0-34547499961,Co-constructing human engineering technologies in old age: Lifespan psychology as a conceptual foundation,
3817,2-s2.0-33750521389,Study on thermal and thermal chemical denaturation of bovine immunoglobulin G,
6431867,2-s2.0-85038244372,Isolating the cow-specific part of residual energy intake in lactating dairy cows using random regressions,
565582868,2-s2.0-85181153132,Study on the Mechanism of Carotenoid Production and Accumulation in Orange Red Carrot (Daucus carota L.),
350581,2-s2.0-84981663848,Reflections on agricultural policies and their consequences for the south,
393355407,2-s2.0-34047255047,"Synthesis, activity and characterization of textiles showing self-cleaning activity under daylight irradiation",
69114429,2-s2.0-84870715074,Energy-aware joint power and rate control in overlay cognitive radio networks: A Nash bargaining perspective,
1996511,2-s2.0-85074788957,A participatory approach based on stochastic optimization for the spatial allocation of Sustainable Urban Drainage Systems for rainwater harvesting.,
2363321,2-s2.0-85200942337,Duddingtonia flagrans and its crude proteolytic extract: concomitant action in sheep coprocultures,
1563728799,2-s2.0-105002150388,Reliable Wastewater Disinfection with Peracids: Integrating Batch Kinetics and Hydrodynamics,
96587,2-s2.0-0018455220,Electrical transport in a-As2Se3 containing metallic impurities,
8147,2-s2.0-105027159910,Critical impact of automobile industry with advanced decision support system and Aczél-Alsina Hammy mean operators,
59770287,2-s2.0-85160255903,Creating the Current and Riding the Wave: Persistence and Change in Community-Engaged Health Sciences Research,
26410,2-s2.0-84992201920,Post-flowering night respiration and altered sink activity account for high night temperature-induced grain yield and quality loss in rice (Oryza sativa L.),
5583,2-s2.0-77952126959,Research of collaborative design task management method based on grid,
379053223,2-s2.0-85145989212,Characterization and Thermal Treatment of the Black Mass from Spent Lithium-Ion Batteries,
4607774015,2-s2.0-0041622893,Upgrading the Sjölunda WWTP according to a novel process concept,
43847584,2-s2.0-85088267561,Management of generation and redistribution electric power in grid-tied photovoltaic system of local object,
9906,2-s2.0-85217732175,Costs and benefits of e-roads versus battery trucks: Uncertainty and coordination,
42986034,2-s2.0-85019186592,Characterization of ferroptosis in murine models of hemochromatosis,
16432,2-s2.0-85058946852,Pipeline Embolization of Giant Cavernous Internal Carotid Artery Aneurysm with Direct Carotid Puncture and Arteriotomy Closure Device: Neuroendovascular Surgical Video,
706517649,2-s2.0-75449117158,Novel heating and cooling concept employing rainwater cisterns and thermo-active building systems for a residential building,
927208,2-s2.0-85129997383,Mamba: a systematic software solution for beamline experiments at HEPS,
5278992609,2-s2.0-22044434788,Mechanism of single centreline grain formation in titanium alloy welds,
1873264689,2-s2.0-85064791547,Fungal problems in historic buildings,
9081563,2-s2.0-85072999501,Evaluation of bump-proneness of underground coal mines using burst energy coefficient,
3202,2-s2.0-85115144184,Optimal Energy Management for Multi-Microgrid under a Transactive Energy Framework with Distributionally Robust Optimization,
48702,2-s2.0-84973647719,Active stabilization of direct matrix converter input side filter through grid current control,
979530,2-s2.0-85137744044,Adapting to Social–Ecological Risks to the Conservation of a Muskmelon Landrace in India,
9551,2-s2.0-84979639104,The advantages of carbon dioxide laser applications in paediatric oral surgery. A prospective cohort study,
3748233,2-s2.0-77951582436,CO2 capture from flue gases using a fluidized bed reactor with limestone,
2385,2-s2.0-78449293143,Heat management methodology for successful UV printing on film substrates,
3408,2-s2.0-84896277086,The measurment of biogas micro flow during amaranth biomass fermentation,
34421823,2-s2.0-105033368651,Rainfall and temperature variability in Western North Ghana: Implications for sustainable food crop production,
839612,2-s2.0-0033531582,Analysis of a combined law power-optimized open Joule-Brayton heat-engine cycle with a finite interactive heat source,
15261447,2-s2.0-105009343105,Reevaluating the ionic conductivity threshold in the cooling water system of copper heat exchangers for power plant generators,
356325,2-s2.0-0035360891,Applying rapid X-ray reflectometry to advanced interconnects,
4188456038,2-s2.0-84896868287,An adaptive control architecture for precision control of temporally and spatially varying temperature fields in bulk-metal forming for the production of functionally graded materials,
5275858,2-s2.0-0026876175,The molecular basis of the type 1 glycogen storage diseases,
66710,2-s2.0-105003585324,Impact of multiple paper recycle loops on the yield and properties of wood fibers and of non-wood wheat straw fibers for packaging,
18876056,2-s2.0-0031942258,Contribution of the disulfide bond of the A subunit to the action of Escherichia coli heat-labile enterotoxin,
1524016285,2-s2.0-84952306619,"Effects of Forest Roads on Hemipteran Diversity in Mt. Gariwang, Korea Test of Intermediate Disturbance Hypothesis",
7903225,2-s2.0-33846322858,Cell breathing in wireless LANs: Algorithms and evaluation,
56346196,2-s2.0-80054054081,Development of FCG dynamic control technique at mixed charging of massive coke into ore layer,
407074602,2-s2.0-85206295614,Research on network security situational awareness method based on power grid dispatching system,
9942484,2-s2.0-85161674039,Influence of retro-reflective and high-reflective coatings on thermal performance of buildings in summer and winter: A contrast experiment,
364803,2-s2.0-84894857488,Evaluation on electrolytic manganese wastewater treatment technologies based on analytic hierarchy process,
69201,2-s2.0-78049368182,"Issues and challenges in human performance modeling in aviation: Goals, advances, and gaps",
171774,2-s2.0-84966373219,Numerical approach to the suppression of film boiling on hot-spots by radial control of patterned wettability,
486330,2-s2.0-37349103089,"""NONAME"": A new quarterly model for Belgium",
51303768,2-s2.0-85071939435,An improved power decoupling strategy based on Newton interpolation for electric locomotive drive,
36083,2-s2.0-105010225105,The role of oil and gas industry in Azerbaijan’s economic development: investment trends and global context,
124491,2-s2.0-85114142307,On the integration of multi-temporal synthetic aperture radar interferometry products and historical surveys data for buildings structural monitoring,
42027324,2-s2.0-85054032308,Decentralized control system for participation of plug-in electric vehicles in the load frequency control of a microgrid,
21280,2-s2.0-34250146488,Electric currents and voltage drops along auroral field lines,
385634,2-s2.0-2142754440,Reassessing the Th2 cytokine basis of asthma,
85336957,2-s2.0-85121581901,Ultimate and post-ultimate behaviour of thin-walled cold-formed steel open-section members under eccentric compression. Part II: Experimental study,
37131,2-s2.0-105030538470,Knowledge Management Barriers in Educational Institutions: A Literature Based Investigation,
958545,2-s2.0-33644940666,Evidence for VHE γ-ray emission from the distant BL Lac PG 1553+113,
575013538,2-s2.0-85149070065,An evaluation methodology to determine the actual limitations of a TinyML-based solution,
26644718,2-s2.0-105036043766,Scalable ride-sourcing vehicle rebalancing with service accessibility guarantee: A constrained mean-field reinforcement learning approach,
917462,2-s2.0-85048176166,Optimization on emission permit trading and green technology implementation under cap-and-trade scheme,
52141,2-s2.0-84989209068,"Geoavailability of arsenic, iron and sodium in soils of “El Divisorio” basin (Buenos Aires, Argentina)",
530239337,2-s2.0-79960634120,"Physiological responses to chronic heat exposure in an aging non-human primate species, the gray mouse lemur (Microcebus murinus)",
220506,2-s2.0-85065745232,Experimental and numerical analysis in heat flow sensors calibration,
179975,2-s2.0-105031123990,The Neuroendocrine Role of Oxytocinergic Pathways in Obesity,
558366264,2-s2.0-105018773513,Nanoemulsion as a promising drug delivery strategy for effective eradication of Helicobacter pylori: current insights,
5243,2-s2.0-85067196697,Incoherent spin pumping from YIG single crystals,
784419954,2-s2.0-85031030519,Basis material decomposition method for material discrimination with a new spectrometric X-ray imaging detector,
84488931,2-s2.0-0022501223,Distribution of tyrosinated and nontyrosinated α-tubulin during mitosis,
112182,2-s2.0-85205546656,Role of the RNA binding protein IGF2BP1 in cancer multidrug resistance,
403585289,2-s2.0-85143582354,Design and Development of Microbial Fuel Cells Based Low Power Energy Harvesting Mechanism for Ecological Monitoring and Farming of Agricultural Applications,
61308769,2-s2.0-67650224994,Arctic circumpolar mosaic at 250 m spatial resolution for IPY by fusion of MODIS/TERRA land bands B1-B7,
3086,2-s2.0-85170415393,Spatial and Multitemporal Variation of the Coastline in Sandy Beaches of the South Caribbean Region of Costa Rica,
3455663474,2-s2.0-0018759208,"Variations in serum androgens, estrogens, progestins, gonadotropins and prolactin levels in male rats from prepubertal to advanced age",
18553,2-s2.0-85088609017,Snapshots of a state of flux: how Brazilian industrial firms differ in the adoption of digital technologies and policy implications,
2319687185,2-s2.0-85210262471,In-Situ Measurement and Assessment of Vibration Reduction Effect of Different Subway Track Structures,
48984405,2-s2.0-33751549539,A net present value assessment of make-to-order and make-to-stock manufacturing systems,
620527601,2-s2.0-0026372660,Potential methods to forecast the actual highway capacity,
2063761182,2-s2.0-105037258016,A MB-PSO algorithm for atomic-level trajectory tracking of a piezoelectric positioning platform,
570685864,2-s2.0-84902282506,Recent synthetic approaches and emerging bio-inspired strategies for the development of sustainable pressure-sensitive adhesives derived from renewable building blocks,
4640271,2-s2.0-0028311153,Surface conditions associated with anomalous rainfall in the guinea coastal region,
781585883,2-s2.0-84863419646,Highway traffic simulation based on cellular automaton,
375130,2-s2.0-84952666946,Enteromorpha intestinalis derived seaweed liquid fertilizers as prospective biostimulant for Glycine max,
55299751,2-s2.0-0041043843,Catastrophic Shocks in the Property-Liability Insurance Industry: Evidence on Regulatory and Contagion Effects,
2703906929,2-s2.0-77956094195,The perimeter in mosaic of refundable drugs in France: So many exceptions... why?,
5124245466,2-s2.0-85059321107,Research on automatic generation control with wind power participation based on predictive optimal 2-degree-of-freedom PID strategy for multi-area interconnected power system,
994177,2-s2.0-85217087408,A dual-band gas sensing metastructure based on CPA for H2 production with SO2 oxidation reaction,
665439,2-s2.0-85204524319,Exploring the key role of DNA methylation as an epigenetic modulator in oxidative stress related islet cell injury in patients with type 2 diabetes mellitus: a review,
867107,2-s2.0-85115121612,Grid-connected/islanded control and output voltage harmonic suppression strategy for onboard power supply converters,
36967626,2-s2.0-76749145128,ESKIMO: Energy savings using semantic knowledge of inconsequential memory occupancy for DRAM subsystem,
73730919,2-s2.0-85103694141,Inclination effects on the X-ray emission of Galactic black-hole binaries,
900541512,2-s2.0-69749110805,Improving participation and cooperation on water management: Experience from farmer-managed systems in Albania,
806324316,2-s2.0-85143253583,Time-Efficient Deep Learning-Based Energy Consumption Prediction for Smart Factory,
1613015137,2-s2.0-85054661249,Factors affecting sustainable process technology adoption: A systematic literature review,
94209142,2-s2.0-67650157216,Bioengineering aspects of the umbilical cord,
475934842,2-s2.0-85055778294,Team players or opponents: Coadministration of selective glucagon and GLP-1 receptor agonists in obese diabetic monkeys,
3640704812,2-s2.0-85202852903,Lithium-ion battery recycling—a review of the material supply and policy infrastructure,
453136436,2-s2.0-34247397540,Equivalence between polymer nanocomposites and thin polymer films: Effect of processing conditions and molecular origins of observed behavior,
78942,2-s2.0-85127517621,"Exploring the anti-inflammatory effect of Fructus Gleditsia sinensis Lam., Fructus Gleditsiae abnormalis, and Gymnocladus chinensis Baill. using SPME-GC-MS, network pharmacology, and molecular docking",
22700,2-s2.0-85205084474,Energy expenditure prediction in preschool children: a machine learning approach using accelerometry and external validation,
4078346568,2-s2.0-105013054673,On Evaluation of Data Stream Clustering Algorithms: A Survey,
2202947242,2-s2.0-85065735047,Black carbon aerosols from the coal seam of eastern India: A real-time analysis with statistical validation,
4053,2-s2.0-4243063988,Professional SDI routor,
94614375,2-s2.0-105012854818,Thermal-fluid study of designed double-layered microchannel combined with multi-outlets and bifurcation in heat sinks,
1666356074,2-s2.0-85103568331,The influence of industrial work practices and workshop infrastructure facilities on work readiness of students,
82357774,2-s2.0-85085642280,Proton Transport in Metal-Organic Frameworks,
676909,2-s2.0-24944460253,Reversible addition-fragmentation chain transfer polymerization of 2-(dimethylamino)ethyl methacrylate/2-(dimethylamino) ethyl acrylate,
335392405,2-s2.0-105042160480,URBAN PM10 MONITORING IN MALAYSIA: A STATISTICAL FRAMEWORK FOR PROCESS STABILITY AND CAPABILITY ASSESSMENT,
89971,2-s2.0-85172132434,"Does thrive by three, a quality-building intervention in childcare centres, strengthen children’s language skills?",
5172370404,2-s2.0-84979198394,A Case of Obstructive Sleep Apnea and Assessments of Fitness for Work,
8975,2-s2.0-105032844537,Novel semi-analytical model for estimating unconfined compressive strength in sandstone reservoirs: Implications for CO₂ sequestration,
256875,2-s2.0-85057986540,Human factors impacts of light-emitting diode airfield lighting,
14669,2-s2.0-105013121080,Emerging properties of the degree distribution in large non-growing networks,
635878574,2-s2.0-0027644059,Direct sequence spread spectrum over measured indoor radio channels,
1985,2-s2.0-85097309192,Production of polyhydroxybutyrate (PHB) and factors impacting its chemical and mechanical characteristics,
146741733,2-s2.0-105018038853,Neural Network-Based Resilient Control of a Wind Turbine Subject to False Data Injection Attack,
524895,2-s2.0-85101170795,"Seroprevalence of hepatitis B, hepatitis C and HIV infection among patients undergoing haemodialysis in Buenos Aires, Argentina",
108505,2-s2.0-84859652451,Cold plasma decontamination of foods *,
951878,2-s2.0-85143605202,Phase separation and aging dynamics of binary liquids in porous media,
39947842,2-s2.0-84880008229,A novel snRNA-like transcript affects amyloidogenesis and cell cycle progression through perturbation of Fe65L1 (APBB2) alternative splicing,
58253,2-s2.0-105044676084,Design and implementation of data-driven environment analysis and early warning system for pig breeding,
343019,2-s2.0-0029712721,Intelligent manufacturing of polymers,
90820,2-s2.0-85143051054,Personal and Environmental Risk Factors of Work-Related Stress: A Cross-Sectional Study among Female Workers of a Textile Industry in Indonesia,
94727,2-s2.0-85117720988,Neural Network Model for the Multiple Factor Analysis of Economic Efficiency of an Enterprise,
2682086475,2-s2.0-85136455794,Machine learning forecasts of Scandinavian numerical weather prediction wind model residuals with control theory for wind energy,
57537210,2-s2.0-85138121920,A new reduced reaction mechanism of the surrogate fuel for RP-3 kerosene,
541933,2-s2.0-84869114442,Why the Fukushima Nuclear Disaster is a Man-made Calamity,
282409603,2-s2.0-84862908140,PRICE: Power reduction by placement and clock-network co-synthesis for pulsed-latch designs,
45530,2-s2.0-0019800538,Enzymatic sulfation of steroids. XVI. Very rapid effects of steroid hormones on hepatic cortisol sulfation in intact male rats,
440596438,2-s2.0-105044809661,Geometry-driven adaptive hybrid manufacturing for wall thickness control in thin-walled investment casting hollow components,
34488,2-s2.0-33846301100,Effects of chemical chaperones on oxidative stress and detergent-insoluble species formation following conditional expression of amyloid precursor protein carboxy-terminal fragment,
64415,2-s2.0-85154035128,Design and Test of Peanut Root-Disk Full-Feeding Longitudinal Axial Flow Pod-Picking Device,
23441,2-s2.0-85207164394,Direct Multi-Thread Adaptive Control With Attracting Manifold Design,
108874428,2-s2.0-85031323045,Quantifying the impact of a real world cooperative-ITS deployment across multiple cities,
538632747,2-s2.0-85203802014,Enhancing seismic performance of structures: A comprehensive review of hybrid passive energy dissipation devices,
95735794,2-s2.0-86000497476,Phase-engineered nickel selenide cocatalyst on CdS for enhanced visible-light photocatalytic H2 production,
13095905,2-s2.0-84994527437,The Inaccuracy of Patient Recall for COPD Exacerbation Rate Estimation and Its Implications: Results from Central Adjudication,
237826324,2-s2.0-86000436023,High-Throughput Screening of Selective Bimetallic Atomic Catalysts for Self-Adaptive Matched Electrochemical Reduction,
160544,2-s2.0-85032800637,Optimizing open iron sites in metal-organic frameworks for ethane oxidation: A first-principles study,
740698,2-s2.0-105034700391,"Climate, land, and bears: Exploring habitat suitability of Asian bears under environmental changes",
95931,2-s2.0-85122755068,Action recognition algorithm based on skeletal joint data and adaptive time pyramid,
179988361,2-s2.0-0022867516,"DEVELOPMENT OF A LOW COST, LIGHTWEIGHT TRACTION INVERTER.",
5227346542,2-s2.0-54249112776,"Design, debug, deploy: The creation of configurable computing applications",
8323,2-s2.0-105023912478,Effect of long-term use of treated wastewater and clean water mixtures on soil heavy metal accumulation: An assessment using pollution indices,
1567243873,2-s2.0-79959644324,Experimental study on paraquat wastewater with membrane separation technology,
240224,2-s2.0-84956682588,Controllable nitrogen introduction into porous carbon with porosity retaining for investigating nitrogen doping effect on SO2 adsorption,
4310773481,2-s2.0-0024276611,NEW CALENDER CONCEPT FOR THERMOBONDING.,
1267690,2-s2.0-105033391185,Algorithm and Application of Modified Film-Based & Class-Oriented for Bamboo Forest Information Remote Sensing Extraction,
816084712,2-s2.0-85170231705,"Analyzing the Competency of 3D Printing Technology in Architectural, Interior and Product Design",
3077413769,2-s2.0-85119353203,Experimental analysis of gbm to expand the time horizon of irish electricity price forecasts,
49642320,2-s2.0-0033717419,Comparative analysis of gasdynamic regimes of high-power UV and IR gas lasers interactions with solids in atmosphere,
1087883490,2-s2.0-85096471639,Modelling and simulation of hierarchical scheduling of real-time responsive customised bus,
578387215,2-s2.0-0023325404,A theoretical study of the electronic structure for twin stacking faults in silicon,
3178124234,2-s2.0-80053643818,Activity of chromium oxide deposited on different silica supports in the dehydrogenation of propane with CO2 - A comparative study,
58245072,2-s2.0-105029279506,Gaming for Green: A Systematic Review of Digital Games Promoting Sustainable Household Beliefs and Behaviors,
9092321,2-s2.0-26844465097,Hartree-Fock and density functional theory calculations for the reaction mechanism of nitric oxide reductase cytochrome P450nor from Fusarium oxysporum,
50279694,2-s2.0-0029859517,"A prospective randomized trial of two solutions for intrapartum amnioinfusion: Effects on fetal electrolytes, osmolality, and acid-base status",
8382,2-s2.0-85087149143,Influence of process parameters on the energy requirements and dried sliced tomato quality,
64413,2-s2.0-85009645786,Both microtubules and microfilaments mutually control the distribution of mitochondria in two-cell embryos of golden hamsters,
33920190,2-s2.0-85178035036,Attention Weighted SIQAE Neural Network for Chemical Process Quality Prediction,
3645914848,2-s2.0-85165315668,Lightweight and Secure Data Transmission Scheme Against Malicious Nodes in Heterogeneous Wireless Sensor Networks,
60173826,2-s2.0-105010961271,Room-temperature generation and transformation of graphitic CQDs into mixed sp2-sp3 hybridized carbon allotropes from liquid oxygenates,
546210,2-s2.0-105015740790,TiN-Based Photothermal Fabric with a Superhydrophobic Surface for Synergistic Anti-/Deicing,
6291160,2-s2.0-85042847117,Design of High Average Power OPCPA Based on Simultaneous Temperature and Wavelength Insensitive Phase Matching,
92440500,2-s2.0-85049932544,Experimental assessment between building regulations and claustrophobia,
8186870,2-s2.0-84872954321,Construction technology of the fatigue property of CFRP reinforce steel crane beam,
4220121126,2-s2.0-85159664985,The chemokine monocyte chemoattractant protein-1/CCL2 is a promoter of breast cancer metastasis,
828651,2-s2.0-59649093869,Detection and quantification of noroviruses in shellfish,
274097326,2-s2.0-85049630581,Moving forward with autonomous systems: Ethical dilemmas,
8684,2-s2.0-85080915240,The effects of video games in memory and attention,
6323006,2-s2.0-0035368741,Technology push-over: Defense downturns and civilian technology policy,
7415,2-s2.0-33845234825,Surface particulates,
36348,2-s2.0-85182460365,Investigating the Effect of Satureja khuzestanica Essential oil on MDR1 Gene Expression in Leishmania major,
472965051,2-s2.0-85073201560,Data measuring system to determine the solvent diffusion coefficient in products from capillary-porous materials,
82965987,2-s2.0-85102437510,Photoinduced Electrocatalysis on 3D Flexible OsOx Quantum Dots,
91662,2-s2.0-84859401206,The effect of soil solarization and fumigation on pests and yields in greenhouse tomatoes,
2764979,2-s2.0-85133304070,From the bacterial citrus microbiome to the selection of potentially host-beneficial microbes,
377260,2-s2.0-0038005376,A review of terminology pertaining to Darcy's law and flow through porous media,
27119063,2-s2.0-85006173188,Stomatal design principles in synthetic and real leaves,
352640,2-s2.0-85123836787,Fuzzy Logic based Power management of electric vehicle with battery and ultracapacitor energy storage system,
4030887365,2-s2.0-105036150139,Early effectiveness of anifrolumab in systemic lupus erythematosus: real-life data a 3 and 6 months from RALESA registry,
9192379,2-s2.0-85081947814,T-Cell Proapoptotic and Antifibrotic Activity Against Autologous Skin Fibroblasts in vitro Is Associated With IL-17A Axis Upregulation in Systemic Sclerosis,
2963160757,2-s2.0-85184962811,Distributed MPC of Uncertain Multi-Agent Systems Considering Formations and Obstacles,
370174908,2-s2.0-85084880089,Contrast-enhanced dual-frequency super-harmonic Intravascular Ultrasound (IVUS) Imaging,
1548378,2-s2.0-85109209514,Resilience coverage of global sustainability assessment frameworks: A systematic review,
52152615,2-s2.0-85129720063,Efficient removal of tar employing dolomite catalyst in gasification: Challenges and opportunities,
97622836,2-s2.0-85087051461,On competitive gas adsorption and absorption phenomena in thin films of ionic liquids,
12807592,2-s2.0-85106370698,Coordination of Substrate Binding and Protonation in the N. gonorrhoeae MtrD Efflux Pump Controls the Functionally Rotating Transport Mechanism,
8260467,2-s2.0-8644263266,Drilling fluid technology for well Zhuang 1-ZP1,
238718119,2-s2.0-85219162658,Racing toward zero: The untold story of driving green,
879541,2-s2.0-85145650444,The power of talk: Exploring the effects of streamers’ linguistic styles on sales performance in B2B livestreaming commerce,
41634538,2-s2.0-78049305153,High angle of attack control law development and testing for the F/A-18E/F super hornet,
4595923488,2-s2.0-85145323922,How online collaboration software shapes control at work? Evidence from news organizations,
637990,2-s2.0-84878662708,The neo-normative turn in theorising the EU's international presence,
1851424,2-s2.0-105039214851,"Designing a self-financing incentive program for zero-emission trucks in California: a market-based, feebate-inspired policy framework",
43235152,2-s2.0-85167565825,Psychological support under isolation and crowding,
342934,2-s2.0-85117186173,When river water meets seawater: Insights into primary marine aerosol production,
950568,2-s2.0-85073252396,Towards a hedonic pricing method for the bucharest private housing market,
823212,2-s2.0-105034893264,IoT-Based Intelligent Traffic Management System for Reducing Congestion in Metro Cities,
86775,2-s2.0-84983371670,Beyond HAZOP and LOPA - Four different company approaches,
4574919582,2-s2.0-26844486324,"Effect of the peroxisome proliferator, ammonium perfluorooctanoate (C8), on hepatic aromatase activity in adult male Crl:CD BR (CD) rats",
3635338475,2-s2.0-105010781333,Study on Wind Shear Hazard Control of Railway Bridge in Mountainous Area,
30353,2-s2.0-0020116215,The effect of strain rate on the strain to fracture of a sheet steel under biaxial tensile stress conditions,
788541,2-s2.0-105002322104,Elastic Stabilization Control for Polynomial Parameter-varying Systems with Applications to a Turbofan Engine,
2495,2-s2.0-36448972314,Growth and energy requirements of captive-reared Common Loon (Gavia immer) chicks,
2248327650,2-s2.0-8844274219,Design of a flight controller for hypersonic flight experiment vehicle,
4450425365,2-s2.0-79959857721,A research on energy-saving and environmental impacts of primary magnesium and magnesium alloy production in China,
436971,2-s2.0-105029041734,Regulate reality in vehicle emission policy,
2620830704,2-s2.0-1942537093,"The Characterization of an Electrothermal Vaporization-Direct Current Plasma Atomic Emission Spectrometer for the Determination of Boron, Cadmium, Copper, Iron, and Lead",
9881,2-s2.0-30244571665,Shock-induced luminescence from Z-cut lithium niobate,
619916,2-s2.0-67650453984,Evaluation of the wind power converter system impact on the electrical power system performance,
3843636394,2-s2.0-85189659975,Design and implementation of smart home energy management system for Indian residential sector,
701678423,2-s2.0-105021033529,Machine learning techniques for the comprehensive analysis of the continuous casting processes: Slab defects,
95068,2-s2.0-84899149444,"Process Optimization for Extraction of Carotenoids from Medicinal Caterpillar Fungus, Cordyceps militaris (Ascomycetes)",
917367,2-s2.0-85138378683,Numerical Investigation on the Ultimate Compression Behavior of Un-strengthened and CFRP-strengthened Steel Tube with Random Pitting Corrosion Damage,
994588062,2-s2.0-85147161988,Role of Chemical based Inhibitors in Protecting the Concrete Structures from Corrosion: Present Status and Future Prospects,
5137756177,2-s2.0-84896399127,Agreement between prediction equations and indirect calorimetry to estimate resting energy expenditure in elderly patients on hemodialysis,
56921334,2-s2.0-70449678902,A fair cognitive channel allocation method for cellular networks,
6988,2-s2.0-85051427248,Optimal Pricing Strategy for Telecom Operator in Cellular Networks with Random Topologies,
249039450,2-s2.0-85202860556,"High-energy–density lithium manganese iron phosphate for lithium-ion batteries: Progresses, challenges, and prospects",
101363496,2-s2.0-79953199367,Caffeine alters circadian rhythms and expression of disease and metabolic markers,
880667,2-s2.0-85195310119,Structural Health Monitoring and Intelligent Maintenance Algorithm of Building Engineering Based on Graph Neural Networks and Reinforcement Learning,
370770441,2-s2.0-105015568964,Design methodology for finned metal hydride reactors utilizing a multi-objective genetic optimization algorithm: Based on advanced energy storage evaluation method,
1363940,2-s2.0-84954386739,Mixed-variable control for shear tests on massive reinforced-concrete walls,
17803720,2-s2.0-0036953815,Compensation of unbalanced three-phase voltage supply in voltage source inverter,
730217,2-s2.0-58149149623,Practical application of a sea-water battery in deep-sea basin and its performance,
649776463,2-s2.0-84899682566,Comparison between entropy and resilience as indirect measures of reliability in the framework of water distribution network design,
311915023,2-s2.0-10844264399,Oral iron therapy for anaemia after orthopaedic surgery: Randomized clinical trial,
520822613,2-s2.0-85218989391,Controls on concentrations and clumped isotopologues of vehicle exhaust methane,
470589,2-s2.0-85184952354,3D P-WAVE VELOCITY STRUCTURE OF CRUST IN FUJIAN AREA AND ITS TECTONIC IMPLICATIONS,
800204,2-s2.0-85082357819,Design and implementation of reduced fuel consumption in cement kiln with efficient cooling technology using PLC and HMI,
90780,2-s2.0-85015400868,A new modified-serpentine flow field for application in high temperature polymer electrolyte fuel cell,
54766,2-s2.0-105006743834,Advancements of INAFeed Tech for Enhanced Efficiency and Reliability in Reduction Cell Operations at INALUM,
3850998164,2-s2.0-105019543050,Novel Consumer Power Event-Driven Methods for Remote Estimation of Smart Meter Error,
4012671735,2-s2.0-85029629732,Measurement of Electrical Impedance and P-wave Velocity of a Low Permeable Sandstone Core during the Displacement of Saturated Brine by CO2 Injection,
2306,2-s2.0-85062385889,Beneficiation of renewable industrial wastes from paper and pulp processing,
3434971710,2-s2.0-4043152790,Minimal work for separation processes of binary mixtures,
4396325693,2-s2.0-0014838372,TUBEFLIGHT. A REVIEW,
4917,2-s2.0-0016597873,DIGITAL MULTIFUNCTION SWITCHING CONTROL & DISPLAY FOR TRANSPORT AIRCRAFT.,
14176,2-s2.0-85059798906,Scalable extraction of big macromolecular data in azure data lake environment,
1912105,2-s2.0-85041034889,Guanabenz inhibits TLR9 signaling through a pathway that is independent of eIF2a dephosphorylation by the GADD34/PP1c complex,
630803487,2-s2.0-84924124197,Delay-feedback control strategy for reducing CO 2 emission of traffic flow system,
4880,2-s2.0-105037098781,Green budgeting in an international perspective,
685617002,2-s2.0-85105228746,Using peer code review to improve computational thinking in a blended learning environment: A randomized control trial,
727496,2-s2.0-85144040345,ReaLPrune: ReRAM Crossbar-Aware Lottery Ticket Pruning for CNNs,
494601514,2-s2.0-105018464958,IoT-Enabled Intelligent Traffic Signals for Optimizing Smart Cities using V2I Communications,
695926964,2-s2.0-85060884625,Synergistic effect on TiO2 doped poly (vinyl alcohol-co-ethylene) nanofibrous film for filtration and photocatalytic degradation of methylene blue,
259072,2-s2.0-85132516230,Developing and analyzing eco-driving strategies for on-road emission reduction in urban transport systems - A VR-enabled digital-twin approach,
2012751078,2-s2.0-21944456670,On the optimal control of carbon dioxide emissions: An application of FUND,
9807,2-s2.0-85131716262,Linewise Non-Rigid Point Cloud Registration,
409720,2-s2.0-85048370027,"Energy efficiency, carbon dioxide emission efficiency, and related abatement costs in regional China: a synthesis of input–output analysis and DEA",
866263113,2-s2.0-84925013253,A holistic production planning approach in a reconfigurable manufacturing system with energy consumption and environmental effects,
2555374209,2-s2.0-0029711083,Browsing the WWW by interacting with a textual virtual environment - a framework for experimenting with navigational metaphors,
1898,2-s2.0-84977636180,Maximizing network lifetime of WirelessHART networks under graph routing,
81872,2-s2.0-85089310307,Low-Complexity Deadbeat Model Predictive Current Control with Duty Ratio for Five-Phase PMSM Drives,
81581,2-s2.0-72649083169,Zinc and copper availability in herbage and soil of a pinus radiata silvopastoral system in Northwest Spain after sewage-sludge and lime application,
7526,2-s2.0-0019374037,Chemical weed control in the cropping of medicinal plants. Part 3: Sage (Salvia officinalis L.) during the first year of cultivation,
635957467,2-s2.0-0024104852,Efficient inclination control for geostationary satellites,
396461636,2-s2.0-56449121460,Contactless power transmission with new secondary converter topology,
16876474,2-s2.0-85076423450,Intelligent recognition method based on deep learning for locally damaged ship targets,
1116110015,2-s2.0-85214105511,"Quantifying Co-benefits of Building Automation: Effects of Shading Control on Visual Comfort, Well-Being, and Productivity in Office Buildings",
5434980,2-s2.0-85013573029,Numerical modelization and optimization of flux compression experiments,
1935,2-s2.0-0019608668,Correlation of time dependent recovery from film boiling heat transfer in He II,
86512951,2-s2.0-85168330611,A developmental formative evaluation of a pilot participatory music program for veterans with housing insecurity,
1660738,2-s2.0-85129253471,Physical Activity Interventions Among American Indian and Alaska Native Persons: A Systematic Review,
5063567661,2-s2.0-0041726938,"Synthesis of Functional, Nanostructured Composites and Catalysts using Polymerizable Lyotropic Liquid Crystals",
3495020544,2-s2.0-67749108627,Heartbeat time series classification with support vector machines,
9215,2-s2.0-85082992074,Exploration in continuous control tasks via continually parameterized skills,
2858868,2-s2.0-85030688439,Use of calcium sulfoaluminate cements for setting control of 3D-printing mortars,
43899220,2-s2.0-77956863415,Acidity and aluminum speciation as affected by surface liming in tropical no-till soils,
9924,2-s2.0-0023152980,"Pneumodynamics, scientific principles and practical applications. Part 13.",
7807,2-s2.0-0035195207,An active middleware to control QoS level of multimedia services,
42256164,2-s2.0-0021425023,A predicted signed switching time high precision satellite attitude control law,
287550026,2-s2.0-59349108439,Recycle and recovery of metal(S) from secondary sources,
2747176016,2-s2.0-85182761495,Fast Power Point Tracking of Two-Stage Photovoltaic System based on Polynomial Approximation,
175094020,2-s2.0-84884765804,Design and implementation of a high power battery charger of a hydroelectric-connected PV plant,
9782937,2-s2.0-85204921509,A Triplet Branch End-To-End Framework for Long-Tailed Object Recognition in Remote Sensing Images,
89582,2-s2.0-105017008862,Study on the enhancement of photothermal performance of ZrC-based nanofluids by doping with metal oxides,
585849404,2-s2.0-85102403003,Power Quality Improvement in EV Charging Station Based on Three-Leg VSC D-STATCOM,
706396,2-s2.0-85084261944,Automated feature-based down-sampling approaches for fine registration of irregular point clouds,
32588600,2-s2.0-0022213460,European rabbit and hare as pests of livestock.,
6951,2-s2.0-85169880402,Using CFD Model to Assist Safe Evacuation Analysis and Means of Egress Evaluation in Adaptive Re-use of Historical Large-space Building,
2347516684,2-s2.0-33748982235,A study on the effects of modulation of intracellular calcium on excisional wound healing in rabbit,
5082850908,2-s2.0-105039529317,Assessing the Role of Decentralized Green Hydrogen Technologies in Advancing Sustainable Green Building Development in Africa: Case Study of Malawi and Nigeria,
907457981,2-s2.0-105032972168,Urban Air Mobility: A Paradigm Shift in Intelligent Transportation,
2317357355,2-s2.0-0015015272,The Effect of Cooling on Liver Function in Cats,
6017574,2-s2.0-85198441229,"Smart Ecological Points, a Strategy to Face the New Challenges in Solid Waste Management in Colombia",
81769,2-s2.0-85066020268,Experimental study on diffusion absorption refrigeration cycle using low GWP refrigerants,
111586410,2-s2.0-0017321404,ROAD DESIGN MANUAL: THE BEGINNING.,
40195,2-s2.0-33747145646,Core elements of programmatic research in nursing: a case study.,
1262,2-s2.0-85085870056,Experimental and theoretical study on bonding properties between steel bar and bamboo scrimber,
652855650,2-s2.0-3042519653,Elimination of body effects in SOI CMOS devices,
7216,2-s2.0-85160609366,Effects of Dietary Protein Content and Using Sugar Beet Pulp or Benzoic Acid Supplementations on the Nitrogen Excretion of Fattening Pigs and its Composition,
6424587,2-s2.0-85146589118,Thermoelectric-Powered Sensors for Internet of Things,
78786,2-s2.0-0038699149,Effluent trading for water quality management: Concept and application to the Chesapeake Bay watershed,
2168131213,2-s2.0-86000511315,Optimizing the labyrinth geometric parameters and modelling a new twin seal configuration for improved sealing efficiency in gas turbines,
47753787,2-s2.0-85218913546,Residual Dynamics of Chlorantraniliprole and Fludioxonil in Soil and Their Effects on the Microbiome,
34746,2-s2.0-84991205935,Improvements in fabrication of elastic scattering foils used to measure neutron yield by the magnetic recoil spectrometer,
152336906,2-s2.0-85084345046,Wireless Bidirectional Power Transfer with Maximum Efficiency Point Tracking Control in Electric Vehicles,
2075703,2-s2.0-85046444546,Combined morphological and thermal analysis of lava flows: A way to boost understanding of emplacement dynamics,
56981,2-s2.0-84907577796,The reliability of a VISION COACH task as a measure of psychomotor skills,
380957286,2-s2.0-84897130624,A modelling process of short-term interest rate risk management for the South African commercial banking sector,
6321987,2-s2.0-85113287664,Behaviour of wrinkled thin-walled steel pipes subjected to displacement-controlled axial cyclic loads,
65886,2-s2.0-105044801495,Occupational safety challenges and prevention strategies in underground coal mining: a case study of Vietnam national coal and mineral industries holding corporation limited (vinacomin) in the Quang Ninh region,
3200,2-s2.0-85100484937,Hybrid Measurements-Based Fast State Estimation for Power Distribution System,
5120337048,2-s2.0-85162094349,Bilateral transfer of motor performance as a function of motor imagery training: a systematic review and meta-analysis,
81285174,2-s2.0-84957683883,Using MIS for Strategic planning and management control in tourism industries,
27971,2-s2.0-34249089941,The role of development finance institutions (DFIs) in promoting the Clean Development Mechanism (CDM) in Africa,
5667939,2-s2.0-0027837199,Research program on risk assessment of hazardous waste in the next five years in China,
44483,2-s2.0-105013236133,Smoothing quantile regression averaging: A new approach to probabilistic forecasting of electricity prices,
799033,2-s2.0-85042448601,Tourism in protected areas: Disentangling road and traffic effects on intra-guild scavenging processes,
794738,2-s2.0-105038340839,Automated Generation and Retrieval of Control-Flow Graphs in Malware Binaries via the Ghidra API Framework,
3760178,2-s2.0-105032733397,Models of Availability Assessing UAV-based Systems for Monitoring Dangerous Space Considering Human Machine Interface with Embedded AR,
5089547307,2-s2.0-85106386970,Theoretical Simulation on Degradation of GaAs Sub-Cells Induced by Proton Irradiation with Different Energies,
74160,2-s2.0-8844267660,Leakage accidents of the water supply systems in small houses,
307955,2-s2.0-85218697106,Ultra-Fast Non-Volatile Resistive Switching Devices with Over 512 Distinct and Stable Levels for Memory and Neuromorphic Computing,
182843,2-s2.0-70450273267,United States-sunset reviews of anti-dumping measures on oil country tubular goods from Argentina: A cloudy sunset,
77660369,2-s2.0-0034533319,Arginine therapy: A novel strategy to induce nitric oxide production in sickle cell disease,
4091,2-s2.0-105037789446,Variational Methods in Mechanics When Modeling Principles of Formation of Functional Systems for Biomechanics Objects,
2797044,2-s2.0-84989947945,Enhancement of biogas production from sewage sludge by addition of grease trap sludge,
5048763038,2-s2.0-105008303436,Role of the Respiratory Therapist in Asthma Education,
491053,2-s2.0-85206855377,We need to aim at the top: Factors associated with cybersecurity awareness of cyber and information security decision-makers,
356813045,2-s2.0-34047241123,Study on the material removal mechanism in chemical mechanical polishing at the molecular scale,
9650420,2-s2.0-85051692464,Flight test of a paint-riblet for reducing skin-friction,
160674593,2-s2.0-85081004998,Safe lifting ergonomics program for truck-loaders in Nigerian block making industries: A multi-site case study with qualitative and econometric analyses,
1171988854,2-s2.0-105001723597,Preparation of Coated-monocapillary by Atomic Layer Deposition Method Based on Fluent Simulation,
3127552527,2-s2.0-85079543375,Synthesis of hierarchical Sn/SnO nanosheets assembled by carbon-coated hollow nanospheres as anode materials for lithium/sodium ion batteries,
336119,2-s2.0-85106185548,The Application of Textile Waste as a Sound Insulation Building Material,
71686513,2-s2.0-85135965481,"Argumentation schemes, fallacies, and evidence in politicians’ argumentative tweets—A coded dataset",
90125096,2-s2.0-85071990856,An improved kinetic model for deposition by thermal oxidation of aviation hydrocarbon fuels,
94280477,2-s2.0-105020862535,Modelica-based model predictive control for a CO2 heat pump system: Case study in Oslo,
38983,2-s2.0-85099228995,Future Traffic Prediction from Short Period Traffic Data,
754577,2-s2.0-0025293573,"Aldosterone low-dose, short-term action in adrenalectomized glucocorticoid-substituted rats: Na, K, Cl, HCO3, osmolyte, and water transport in proximal and rectal colon",
431777,2-s2.0-84960145676,Agro-climatic favorability zones for sugarcane orange rust as a tool for cultivar choice and disease management,
3491675393,2-s2.0-85137861797,A retrospective analysis of substance use among female psychiatric patients in Saudi Arabia,
598510,2-s2.0-85178049907,Comet assay and hormesis,
36491,2-s2.0-105018866111,Sustainable Manufacturing Practices in Global Context,
1897,2-s2.0-85046489866,Combined application of composite powders WC-Co and additives of nanoparticles as an effective method of improving the properties of hard metals,
1002680,2-s2.0-34250933839,The Unesco programme of co-ordinated experimental activities in education,
661553,2-s2.0-85185410080,Vertical distribution and driving mechanisms of soil microarthropods in a Stipa baicalensis meadow steppe under long-term nitrogen addition,
297457,2-s2.0-0029192765,Prediction of received signal power in CDMA cellular systems,
13801,2-s2.0-84994642638,Measurement and possible solutions of the non-uniform sound field in the automotive industry,
70187063,2-s2.0-85029126599,Unraveling the Complex Role of Iodide Additives in Li-O2 Batteries,
8729175,2-s2.0-47249116171,"PigZ, a TetR/AcrR family repressor, modulates secondary metabolism via the expression of a putative four-component resistance-nodulation-cell-division efflux pump, ZrpADBC, in Serratia sp. ATCC 39006",
45808,2-s2.0-105037076767,Metal-Based Slippery Surfaces with Micro-Channel Network Structures for Enhanced Anti-Icing and Antifouling Performance,
7699,2-s2.0-84864007969,Fish oil supplementation in early infancy modulates developing infant immune responses,
5008809992,2-s2.0-58349086555,Detailed analysis of parasitic loading effects on power performance of GaN-on-silicon HEMTs,
9134,2-s2.0-84989206861,Effects of caffeine ingestion on endurance performance in mentally fatigued individuals,
919521,2-s2.0-105029552436,Pressure-rise path and phase control during commissioning of supercritical CO2 pipelines,
77927,2-s2.0-84955608618,Levee composition mapping using electrical resistivity,
810636128,2-s2.0-85158053392,Optimizing the fuel economy of hydrostatic power-split system in continuously variable tractor transmission,
58684796,2-s2.0-8744288439,Sub-optimal longitudinal control of road vehicles with capacity and safety considerations,
289609244,2-s2.0-0036829025,Regulation of angiogenesis by glycogen synthase kinase-3β,
6200,2-s2.0-85100008292,Large-eddy simulation of foehn–cold pool interactions in the Inn Valley during PIANO IOP 2,
2662,2-s2.0-85090825225,You Have Control: aviation communication application for safety-critical times in surgery,
32390509,2-s2.0-0029213527,Weighted fuzzy production rule evaluation method,
4795327338,2-s2.0-85122655359,"A Manufacturer-Retailer Inventory Model with Remanufacturing, Stochastic Demand, and Green Investments",
203830,2-s2.0-85086341049,Dimensional analysis of a landscape evolution model with incision threshold,
1650,2-s2.0-85134836314,Distributed Ledger Technology to Enable Secure Management of IT Infrastructures Development and evaluation of a Proof-of-concept tool using Hyperledger Fabric,
2368077236,2-s2.0-84963595111,Thermal design and flight validation for high precision camera,
1529,2-s2.0-85043914758,Prediction of the effects of friction control on top-of-rail cracks,
9355591,2-s2.0-85201723530,MEANINGFUL G/T MEASUREMENTS – MADE AT NIGHT,
1792874465,2-s2.0-85071534225,Feasibility analysis of opto-electronic THz Earth-satellite links in the low- And mid-latitude regions,
2785173,2-s2.0-85136911361,The Longest Baseline Record of Vegetation Dynamics in Antarctica Reveals Acute Sensitivity to Water Availability,
1517557809,2-s2.0-105025199249,A synthesis on the spread of the tailing plumes resulting from the Fundão dam collapse along the Brazilian coast: Integrating evidence from multiple sources,
22549,2-s2.0-105023501300,Assessing the potential of new-typed infrastructure in decarbonizing the industrial sector: A spatial quantile Durbin model,
6269374,2-s2.0-105018776032,Reproduction of the Temperature Response to the Pinatubo Volcanic Impact in the INMCM6 Earth System Model,
458817188,2-s2.0-0016600146,Model Investigations of a Turbine Set Power Control System Subjected to Stochastic Input Signals - 2. Optimization of Parameters of a Turbine Set PI Type Power Controller.,
10834,2-s2.0-105037870984,Real-Time Person Re-Identification Using Image Generation-Based Data Augmentation,
1445,2-s2.0-84903934590,Analysis of damage development in cement paste due to ice nucleation at different temperatures,
8750,2-s2.0-84973637691,Digital-based interleaving control for GaN-based MHz CRM totem-pole PFC,
39030702,2-s2.0-77957033308,Fluctuations in polymer translocation,
549732,2-s2.0-85027877566,Intersection-based Distance and Traffic-Aware Routing (IDTAR) protocol for smart vehicular communication,
446376,2-s2.0-85181704478,TOWARDS SUSTAINABLE TRANSPORTATION: MODELING AND SIMULATION OF PV PANEL IMPLEMENTATION ON NATIONAL HIGHWAYS FOR CHARGING ELECTRIC VEHICLES WHICH LEADS TO MITIGATE CARBON EMISSION,
6436,2-s2.0-85152464869,A Hybrid Deep Learning Model Using CNN and K-Mean Clustering for Energy Efficient Modelling in Mobile EdgeIoT,
1187801,2-s2.0-0037713484,An alternative domain containing a leucine-rich sequence regulates nuclear cytoplasmic localization of protein 4.1R,
1799638,2-s2.0-105010890374,Sanguinarine Inhibits Gastric Cancer Progression by Targeting the NOS2/SOD1 Axis to Promote Ferroptosis,
4636101369,2-s2.0-84863100063,Life cycle assessment of a field-grown red maple tree to estimate its carbon footprint components,
493994064,2-s2.0-0037382886,Balance testing and Doppler monitoring during hyperbaric exposure,
832992,2-s2.0-85185278052,"Modeling SO2 dispersion from future eruptions in the Auckland Volcanic Field, New Zealand",
157590,2-s2.0-105012288777,Physical activity level among male and female middle to high school students and impact of perceived school climate: a longitudinal analysis,
13245,2-s2.0-0025465406,Characterization of the morphological and lattice orientational microstructure of As-Cast aluminum ingot,
6307617,2-s2.0-105024905567,"Tirzepatide reverses hypothalamic inflammation, cellular stress, and neuropeptide imbalance in metabolic–menopausal dysfunction",
8849057,2-s2.0-105034719925,EdgeCareRT: A Real-Time Federated Generative AI Framework for Clinical Decision Support in Mobile and Remote Healthcare Settings,
4577,2-s2.0-85139159681,Effects of large particles on the transport characteristics of slurries in horizontal pipes,
1263737267,2-s2.0-0036089847,Sexual behaviors of physically disabled adolescents in the United States,
63622,2-s2.0-105006435943,An Overview of VSC-HVDC Systems and Challenges to Harvest Wind Energy Potential Considering South Asian Region as a Case Study,
83986782,2-s2.0-85146537929,Human Persecution is An Important Threat to the Conservation of the Endangered Black-and-Chestnut Eagle in Northern Andes,
5935126,2-s2.0-84895318002,Generous allocation and a ban on banking - implications of a simulation game for EU emissions trading,
773822,2-s2.0-85197953454,Enhancing Automatic English Word Analysis and Prediction using Higher-Order N-Gram Models,
28918759,2-s2.0-85190507563,An Empirical Examination of the Coupling Coordination Development of Energy Environment and Socioeconomic: A Case Study of the Yangtze River Economic Belt in China,
3651834059,2-s2.0-0028534532,Fire and explosion safety in the North Sea,
674267,2-s2.0-0002448502,High transmission of paternal plastid DNA in alfalfa plants demonstrated by restriction fragment polymorphic analysis,
84781,2-s2.0-85176263547,Partnering for change (P4C) in Sweden- a study protocol of a collaborative school-based service delivery model to create inclusive learning environments,
10448,2-s2.0-85093658170,Process modifications to obtain a prehydrolysis kraft dissolving pulp with low limiting pulp viscosity,
4089064115,2-s2.0-85062993674,"Speech Coding, Speech Interfaces and IOT - Opportunities and Challenges",
95348235,2-s2.0-77749317505,Advances in no-touch isolation for the treatment of hepatocellular carcinoma,
913642,2-s2.0-0346402948,Modulation of Na+ transport across isolated rumen epithelium by short-chain fatty acids in hay- and concentrate-fed sheep,
11724,2-s2.0-84868616996,Evaluating total daylight window energy performance early in the design process and the visualization of the resultant luminous environment,
7974937,2-s2.0-85144049717,Prediction of Compressive Strength of Concrete with Rice Husk Ash (RHA) as Partial Replacement for Cement using Artificial Neural Network (ANN) Model,
4860593291,2-s2.0-0019228151,EVALUATION AND INTER-GOVERNMENTAL RELATIONS IN CZM.,
573321106,2-s2.0-105026156792,Measuring Attitudes Toward Plastics: A Cross-Cultural Adaptation and Patient Evaluation Study,
31799,2-s2.0-85063743790,Binary-fluid-solid interaction based on the Navier-Stokes-Korteweg equations,
3575142735,2-s2.0-85089469980,Fulfilling the IoT Vision: Arewe there Yet?,
883325931,2-s2.0-84899398874,Early blight: Effect of different parameters on the disease development,
592289,2-s2.0-85067795154,Battery-Aware operation range estimation for terrestrial and aerial electric vehicles,
5334707,2-s2.0-77957043904,Comparison of contact cooling while touching cold surfaces with an artificial and human fingers,
2528775989,2-s2.0-105031281159,Cloning and Functional Analysis of ZhGSTF Related to Anthocyanin Transport Zantedeschia hybrida,
675957,2-s2.0-105022620583,Spatial 3D-LLM : Exploring Spatial Awareness in 3D Vision-Language Models,
9255452,2-s2.0-84930812490,The effect of a whey protein supplement on bone mass in older Caucasian adults,
590533,2-s2.0-85159121751,Nursing care for children and adolescents with epidermolysis bullosa: a systematic review,
7861,2-s2.0-85129243719,Multimodal Neural and Behavioral Data Predict Response to Rehabilitation in Chronic Poststroke Aphasia,
103143076,2-s2.0-85207537321,Reinforcement learning when your life depends on it: A neuro-economic theory of learning,
92493457,2-s2.0-85077569009,Random Walk Particle Tracking Embedded Cellular Automata Model for Predicting Temporospatial Variations of Chlorine in Water Distribution Systems,
343161,2-s2.0-0018112910,COMPARISON OF AIR DRY WATER-BORNE SYSTEMS FOR VARIOUS APPLICATIONS. .,
673450791,2-s2.0-84892412814,Integrating structural health management with contingency control for wind turbines,
57910379,2-s2.0-85067356542,Formulation of design tasks of towed underwater vehicles creation for shallow water and automation of their motion control,
3776,2-s2.0-105009405254,Distributed Secondary Model-Free Predictive Control Scheme for Droop-Controlled Isolated Microgrids,
5085,2-s2.0-0031936329,Adrenergic control of post-exercise metabolism,
3129369975,2-s2.0-0000609245,Autecological investigations on marine diatoms. I. Experimental results in biogeographical studies,
1698800979,2-s2.0-84884588459,A clustering algorithm-based control chart for inhomogeneously distributed TFT-LCD processes,
67681,2-s2.0-85120346732,Sustainability assessment of the rare-earth-oxide production process and comparison of environmental performance improvements based on emergy analysis,
8732008,2-s2.0-105039653728,"Transport property, mechanical behavior, and failure process of carbon fiber-reinforced metakaolin-based rock-like materials under triaxial compression conditions",
64847941,2-s2.0-85046740543,Chemical Control over T-Cell Activation in Vivo Using Deprotection of trans-Cyclooctene-Modified Epitopes,
87703345,2-s2.0-84968040540,Influence of Gaseous Electric Discharge on Hydrocarbon Oils,
8589232,2-s2.0-85076345785,Transcriptome resilience predicts thermotolerance in Caenorhabditis elegans,
813172593,2-s2.0-85144195622,Study on gas control technology by sublevel filling gob-side entry retaining,
4188410201,2-s2.0-105037031563,Evaluation of Zr-based MOFs (UiO-66 and MOF-808) as Ru/NiO-CeO2 support for CO2 methanation,
51981233,2-s2.0-79952782662,Dynamics of crystallization and dissolution of calcium orthophosphates at the near-molecular level,
12019,2-s2.0-85137345944,LAP-BFT: Lightweight Asynchronous Provable Byzantine Fault-Tolerant Consensus Mechanism for UAV Network,
16017779,2-s2.0-105035990083,Reinforcement Learning-Based Motion Control for Successive Extremely Narrow Gate Traversal with a Quadrotor Tilt-Rotor,
29103644,2-s2.0-84919683110,Seed production temperature regulation of primary dormancy occurs through control of seed coat phenylpropanoid metabolism,
3526,2-s2.0-0030714118,An attempt to assess the relevance of textile fibres recovered from car seats,
7885630,2-s2.0-85128480703,Swine H1N1 Influenza Virus Variants with Enhanced Polymerase Activity and HA Stability Promote Airborne Transmission in Ferrets,
975729,2-s2.0-0028060902,Cell delay variation in a FIFO queue: a diffusion approach,
2132,2-s2.0-84861124119,Cardiorespiratory fitness and carotid artery intima media thickness in men with type 2 diabetes,
4400,2-s2.0-85071234032,A PID and PIDA controller design for an AVR system using frequency response matching,
34703296,2-s2.0-0024144329,Fully-automatic walking beam furnace,
780626829,2-s2.0-0028449892,Shielding design to obtain compact marine reactor,
27724,2-s2.0-85098072794,Local adaptive road control crossroads,
5077,2-s2.0-84893801706,Self-healing restoration of a distribution system using hybrid Fuzzy Control/Ant-Colony Optimization Algorithm,
89722728,2-s2.0-85073525348,Landing Gear Integration into Aircraft Structure in Early Design Stage,
506884961,2-s2.0-85136807022,Dynamic change of COVID-19 lung infection evaluated using co-registration of serial chest CT images,
23118321,2-s2.0-85076737794,Digitally-assisted hysteresis voltage prediction control for series-form switch-linear hybrid envelope-tracking power supply,
141078,2-s2.0-85215511165,Monitoring Temporal Dynamics of Issues in Crowdsourced User Reviews and their Impact on Mobile App Updates,
6077137,2-s2.0-84899116850,Active and reactive power control of grid connected permanent magnet synchronous generator in wind power conversion system,
35355734,2-s2.0-78149299493,"Design for an ""engineered sinkhole"" to improve, recharge and reduce evapotranspiration in an upstream flood control structure",
9494,2-s2.0-105031437609,"Adaptation of Maize Farmers to Climate Risk Under the Influence of Perceptions and Attitudes Towards Risk: A Case Study in Jilin Province, China",
9906,2-s2.0-84994593538,Metawaveguide for Asymmetric Interferometric Light-Light Switching,
7627596,2-s2.0-85020543769,Enhancement of PSMA-Directed CAR Adoptive Immunotherapy by PD-1/PD-L1 Blockade,
334756,2-s2.0-105022618853,AI-Driven Orchestration of 6G-Enabled Services Across the Computing Continuum,
1418465526,2-s2.0-67650694037,Semiparametric cointegrating rank selection,
12392,2-s2.0-0032708475,"Performance of birch seedlings replanted in heavily polluted industrial barrens of the Kola Peninsula, Northwest Russia",
324397,2-s2.0-84988857129,Landau-Level Mixing and Particle-Hole Symmetry Breaking for Spin Transitions in the Fractional Quantum Hall Effect,
34795,2-s2.0-44649202100,Modern strategy of nutrition management in type 2 diabetes,
4665,2-s2.0-0014841325,PREDICTION OF AXIAL STRESS IN TUBE DRAWING USING A FIXED PLUG,
6447843,2-s2.0-85175204059,Comparative study of voltage regulation in distribution grid based on power electronic devices connected on the LV side of the MV/LV transformer,
1796875,2-s2.0-85044776491,Commands and alarms analysis in the Transpetro's national control center to improve operational performance,
9069222,2-s2.0-85215125969,Exploring the spatial and temporal evolution of three-dimensional urban expansion: evidence from three urban agglomerations in China,
464992,2-s2.0-85158119042,Effectiveness of training programs based on mindfulness in reducing psychological distress and promoting well-being in medical students: a systematic review and meta-analysis,
49534894,2-s2.0-84879700525,Workload prediction-based algorithm for consolidation of Virtual Machine,
207534,2-s2.0-84866904598,"A non-linear model for estimating the cost of achieving emission reduction targets: The case of the U.S., China and India",
6849870,2-s2.0-105035551418,EVALUATION OF DIFFERENT SEED DORMANCY BREAKING METHODS INCLUDING ENZYMATIC ASSAYS FOR GERMINATION IMPROVEMENT IN OIL PALM (Elaeis guineensis Jacq.),
2413407,2-s2.0-0027882936,Comparison of seismic margin assessment and probabilistic risk assessment in seismic IPE,
610700308,2-s2.0-85167432359,Effect of Fuel Properties on Ignition and Combustion Limits in Gas Turbine Combustors,
412816472,2-s2.0-0022929692,Effects of the 1986 clean air regulations on power stations and incineration installations,
9672,2-s2.0-77956068158,Potential applications of natural origin polymer-based systems in soft tissue regeneration,
514761787,2-s2.0-85140403836,Spatial and Temporal Evolution of Surface Subsidence in Tianjin from 2015 to 2020 Based on SBAS-InSAR Technology,
3715472441,2-s2.0-85109099584,Virtual simulation benchmark for the evaluation of simultaneous localization and mapping and 3D reconstruction algorithm uncertainty,
9362,2-s2.0-85181577462,Changing Responses of PM2.5 and Ozone to Source Emissions in the Yangtze River Delta Using the Adjoint Model,
443110,2-s2.0-85193822679,Research on thermal stratification of surge line in the marine reactor based on fluid-solid thermal coupling model,
100288,2-s2.0-85179553330,Enhancement of on-time delivery of orders by Lean Service and planning tools in a commercial company in the mining sector,
2447,2-s2.0-84937191964,Monitoring polymer melt process with electrical capacitance tomography,
74086689,2-s2.0-85067573296,Assessment of the important factors influencing consistent and accurate ABTS assay,
592949130,2-s2.0-85038208610,"A unified treatment of self-sputtering, process gas recycling, and runaway for high power impulse sputtering magnetrons",
1992983,2-s2.0-33646680062,Branching in the base catalyzed hydrogen transfer polymerization of acrylamide in n-methyl-2-pyrrolidone at 100°C,
37696162,2-s2.0-85002907297,Adaptive thresholding by region of interest applied to quality control of gas electron multiplier foils,
370324,2-s2.0-85107022780,"Metal powders in additive manufacturing: A review on reusability and recyclability of common titanium, nickel and aluminum alloys",
98644,2-s2.0-85090142636,Spinning reserve optimal configuration strategy of a wind power system with demand response,
13692815,2-s2.0-85055613324,Small molecule derived from carboxyethylpyrrole protein adducts promotes angiogenesis in a mouse model of peripheral arterial disease,
4946020622,2-s2.0-85119695357,"Clinical perspectives of Treponema pallidum subsp. Endemicum infection in adults, particularly men who have sex with men in the Kansai area, Japan: A case series",
7571134,2-s2.0-85079400337,Quantitative and qualitative analysis of head and body impacts in American 7v7 non-tackle football,
521209800,2-s2.0-85096524132,Thermal Management System Design for Electrified Aircraft Propulsion Concepts,
24093,2-s2.0-85180710906,Fungal residues were more sensitive to nitrogen addition than bacterial residues in a meadow grassland soil,
3772466,2-s2.0-84949218930,Experimental research on extended activation and water inrush of concealed structure in deep mining,
19684,2-s2.0-85077181047,Reframing rural governance: gerontocratic expressions of socio-ecological resilience,
31056,2-s2.0-85204312628,Protecting Object Detection Models From Model Extraction Attack via Feature Space Coverage,
919121144,2-s2.0-85178513605,"Flood Risk Management Plans in Volcanic Islands: Analysis, Discussion, and Lessons Learned in the Canary Islands",
481438189,2-s2.0-85158898912,What makes green persuasion effective? Evidence from a community-financed sanitation program in Indonesia,
375533,2-s2.0-85019896083,Should annual maximum temperatures follow a generalized extreme value distribution?,
1178,2-s2.0-85042069445,"Performance evaluation of fixed-bed, millistructured, and metallic foam reactor channels for CO2 methanation",
1653,2-s2.0-0347568817,Charlemagne's involvement in central and southern Italy: Power and the limits of authority,
30034224,2-s2.0-85160944397,COMPETITION LEGISLATION REGARDING DIGITAL PLATFORMS: CHOICE BETWEEN ANTITRUST AND REGULATION,
970029,2-s2.0-85195505420,The use of cell and larval assays to identify target genes for RNA interference-meditated control of the Australian sheep blowfly (Lucilia cuprina),
33706,2-s2.0-0028697646,Improved pilot symbol-aided transmission technique for hybrid satellite and terrestrial mobile systems,
18935293,2-s2.0-85028471759,Human-in-the-loop control processes in gas turbine maintenance,
63720,2-s2.0-84924698799,Computational thermodynamic of a turbocharged direct injection diesel engine,
1393,2-s2.0-79951520356,Criteria for passing sight distance for roadway design and marking,
64470956,2-s2.0-0142027096,A practical method for the dynamic determination of the product oxygen concentration in pressure-swing adsorption systems,
60033,2-s2.0-85078468159,Functional features of vascular hemostasis in piglets of milk and vegetable nutrition,
7021,2-s2.0-45249128841,Telecommunications policy and economic development: Models for the People's Republic of China,
98270920,2-s2.0-76949096612,XML data mining,
1846160748,2-s2.0-85134244998,"Association of Physical Activity Level, Income and Environmental Factors Among Chinese Adults",
70955224,2-s2.0-85107723941,Paediatric asthma exacerbation admissions and stringency of non-pharmaceutical interventions: Results from a developing country,
177308,2-s2.0-85083358453,"Functional, neuroplastic and biomechanical changes induced by early Hand-Arm Bimanual Intensive Therapy Including Lower Extremities (e-HABIT-ILE) in pre-school children with unilateral cerebral palsy: Study protocol of a randomized control trial",
87002,2-s2.0-85044646858,Constructing Drug Using Victims: Race and Class in Policy Debates on Ecstasy Use in the U.S,
3776983100,2-s2.0-85076705425,Application of in-situ H2-assisted biogas upgrading in high-rate anaerobic wastewater treatment,
5659577,2-s2.0-78649994005,Research on ship wake detection mechanism based on optical backscattering effect,
60152051,2-s2.0-0000505774,Photosensibilité des graines de pinus banksiana Lamb.,
4036838074,2-s2.0-85115400186,Integrated water quality management model for the rural transboundary river basin—a case study of the sutla/sotla river,
8120140,2-s2.0-85207818046,Experimental and Numerical Study of Ultra-Thin Heat Pipes for thin and light segment laptops,
575973544,2-s2.0-85080130753,Fabrication of a novel hybrid biocomposite based on amino-thiocarbamate derivative of alginate/carboxymethyl chitosan/TiO2 for Ni(II) recovery,
554481,2-s2.0-0035395796,Cholesterol depletion reduces apical transport capacity in epithelial Madin-Darby canine kidney cells,
3752032506,2-s2.0-85097794832,Global Phosphoproteome Analysis Using High-Field Asymmetric Waveform Ion Mobility Spectrometry on a Hybrid Orbitrap Mass Spectrometer,
9418,2-s2.0-0032582129,Growth characteristics and yield of carrots grown in a soil ridge with a porous tube for soil aeration in a wet lowland,
19994,2-s2.0-84877274206,Transmission capacity investments: A five-step process for cost-benefit and risk management analysis,
4901837291,2-s2.0-78649464170,Tailorable heating system for out-of-autoclave tooling and heated composite applications,
43502,2-s2.0-85149003230,Mechanism of Non-recurring Congestion Evolution Under Mixed Traffic Flow with Connected and Autonomous Vehicles,
7112228,2-s2.0-1842813281,Crystal morphology of HMX and its control with supercritical CO2 anti-solvent precipitation,
2550200795,2-s2.0-84940118899,"Radioactive contamination and other environmental impacts of waste from nuclear and conventional power plants, medical and other industrial sources",
80242,2-s2.0-77954347459,A transport protocol for multimedia transmission in overlay networks,
4933178572,2-s2.0-85044247021,A numerical investigation for alternative toolpath deposition solutions for surface cladding of stainless steel P420 powder on AISI 1018 steel substrate,
76813,2-s2.0-33846369879,Study of shunt active power filter realizing reactive power and harmonics compensation in three-phase four-wire system,
7596003,2-s2.0-85182274236,Transfer learning for bearing fault diagnosis: adaptive batch normalization and combined optimization method,
8829398,2-s2.0-85196042794,Charging the Future: Harnessing Nature's Designs for Bioinspired Molecular Electrodes,
2541854706,2-s2.0-0029734041,Zeroing in on low-Nox burners,
22912,2-s2.0-43049170572,Attitude control of the landing demonstrator PHOENIX,
2341161659,2-s2.0-30044452602,Development of new polymerization full-color toner,
808730,2-s2.0-105029978076,Prevalence of suicidal thoughts and behaviors among individuals with mental disorders in Africa: a systematic review and meta-analysis of the past 25 years,
4029586703,2-s2.0-85188433634,The Model to Predict the Viscosity of Hydrocarbon Mixtures Containing CO2,
3936775209,2-s2.0-85023641667,"Elemental content of the placenta: A comparison between two high-risk obstetrical populations, adult women carrying multiples and adolescents carrying singletons",
73310792,2-s2.0-85178501535,"Multivariate Statistical Analysis for the Assessment of Hydrogeochemical Characteristics of River Ganga at Patna, India",
1091833482,2-s2.0-0020588469,INCLUDE THE 'QUALITY' OF ENERGY IN YOUR NEXT ANALYSIS.,
956023072,2-s2.0-85184117748,Sustainable Energy Management,
39651,2-s2.0-85124160063,"Modulation of Fecal Metabolites by Heat Stress and Diet, and Their Association with Inflammation and Leaky Gut Markers in Dairy Cows",
468377,2-s2.0-85150892451,"(Controlled) Free radical (co)polymerization of multivinyl monomers: strategies, topological structures and biomedical applications",
71349138,2-s2.0-11144276525,Control of salt transport from roots to shoots of wheat in saline soil,
4842364255,2-s2.0-85140932151,Tree regeneration response to a shifting soil nutrient economy depends on mycorrhizal association and age,
3719852511,2-s2.0-33646825946,"State of the industry: Where do we stand?. Looking back, ahead at issues reshaping surface finishing",
24941758,2-s2.0-85074645518,Magnification effect of buildings on surface vibration induced by metro train operation in rapid transit system,
1180124629,2-s2.0-85208926066,Superhydrophobic Coatings with Synergistically Enhanced Anti/Deicing Performance by Optically/Electrically Assisted Heating,
9770,2-s2.0-85048487911,Design and implementation of Intelligent transplanting system based on photoelectric sensor and PLC,
3040124671,2-s2.0-105018746213,The Abstraction and Generalization of Social Decision Information,
30368,2-s2.0-105009903544,Road Safety Reinvented: Accurate Accident Prognosis Using Object Detection,
461747268,2-s2.0-82055161183,Simulation code for wet gas detritiation via Pd-based membrane reactor,
4492092,2-s2.0-85188277141,"On the Statistical Regime, Coherence versus Incoherence and Ergodicity of Quantum Vibrational Trajectories in Soft Condensed Molecular Systems",
1504,2-s2.0-85064919288,Topology optimization of piezoelectric bi-material actuators with velocity feedback control,
827352255,2-s2.0-0017438233,SINGLE CYCLE CONTINUOUS REVIEW POLICIES FOR ARBORESCENT PRODUCTION/INVENTORY SYSTEMS.,
767108,2-s2.0-0031370771,Proper application of modern steam humidifiers,
2515070142,2-s2.0-34047162881,Seismic performance of a grout-repaired construction defect in a column plastic hinge,
78956,2-s2.0-85105606583,"The effect of omega3 fatty acid supplementation on PPARγ and UCP2 expressions, resting energy expenditure, and appetite in athletes",
21078,2-s2.0-85066129212,"Investigating the high-frequency spectral features of SNRs Tycho, W44, and IC443 with the Sardinia Radio Telescope",
7804,2-s2.0-85057327708,Phytoestrogens and their synthetic analogues as substrate mimic inhibitors of CYP1B1,
1917869,2-s2.0-84947731116,"Intake, apparent digestibility, and nutrient requirements for growing Nellore heifers and steers fed two levels of calcium and phosphorus",
390999,2-s2.0-105043353437,Theoretical modes and key technological pathways for ecological prevention and control of water disaster,
5182513244,2-s2.0-84926429720,State-of-the-art review of virtual reality environment applications in construction safety,
84226436,2-s2.0-84863859598,The Effect of Surface Treatment of the Interfacial Surface on Fatigue-Related Microtensile Bond Strength of Milled Zirconia to Veneering Porcelain,
7542434,2-s2.0-84903838831,Coral-algae metabolism and diurnal changes in the CO2-carbonate system of bulk sea water,
4911044822,2-s2.0-85066270057,HVDC auxiliary emergency power control strategy for power disturbance in two different positions of AC/DC interconnection system,
3861627710,2-s2.0-84905395624,Application of smart sensors for bridge vibration measurement under low temperature environment,
2470766886,2-s2.0-84907966862,Novel cuff design to facilitate anastomosis of small vessels during cervical heterotopic heart transplantation in rats,
4340,2-s2.0-0026944781,Radio propagation characteristics in navigation experiment using ETS—V satellite,
226347,2-s2.0-84860622003,Cruise phase stability control for underwater supercavitating vehicle,
3254305836,2-s2.0-85009869619,Experimental and Numerical Investigations on the Mechanisms Leading to the Accumulation of Particulate Matter in Lubricant Oil,
257454440,2-s2.0-84878461144,Bayesian-Monte Carlo model for collision avoidance system design of cognitive connected vehicle,
64157,2-s2.0-79960295272,Shunt active power filter with high steady-state performance based on LCL-filter,
3491,2-s2.0-85119059317,Quinone-reducing enrichment culture enhanced the direct and mediated biotransformation of azo dye with soluble and immobilized redox mediator,
885170,2-s2.0-0016595284,TOWARD MANPOWER AND ENERGY DIMENSIONS FOR THE FEDERAL BUDGET.,
785691,2-s2.0-85040529272,Parametric multi-aspect modeling of distributed bus-modular control systems,
78011,2-s2.0-84871410963,The global energy balance from a surface perspective,
6737,2-s2.0-85142130068,Understanding and Control of Activation Process of Lithium-Rich Cathode Materials,
225456,2-s2.0-85102634446,"TokenSmart: Distributed, Scalable Power Management in the Many-Core Era",
4558670979,2-s2.0-0030484911,"Methamphetamine-lnduced changes in ap-1 binding and dynorphin in the striatum: Correlated, not causally related events?",
4392444232,2-s2.0-84996497555,Dual-hop signal space cooperative systems using multiple DF relays,
445967610,2-s2.0-84903382654,"Model-Based and Signal-Based Gearbox Sensor Fault Detection, Identification and Accommodation",
32022,2-s2.0-85166243751,Preventing String Instability in Altitude Control System of UAV by Nonlinear Correction,
220793,2-s2.0-105031005799,A Novel Digital Design Framework for Power Module Packaging Optimization Using Data-Driven Modeling and Intelligent Optimization Techniques,
2773,2-s2.0-85103361825,Optimal energy dispatch of distributed PVS for the next generation of distribution management systems,
4174587342,2-s2.0-79953240354,In situ endothelialization of intravascular stents from progenitor stem cells coated with nanocomposite and functionalized biomolecules,
1178495303,2-s2.0-105041191306,Beyond Surface Similarity: Evaluating Structured Output Consistency in Large Language Models,
9945502,2-s2.0-79953014531,Building and controlling a ball and plate system,
5071161,2-s2.0-84871532416,A new method for insulation resistance measurement at low voltage level using change of effective resistance,
259588,2-s2.0-85183146267,Engineered T cells from induced pluripotent stem cells: from research towards clinical implementation,
2323766503,2-s2.0-85216920211,Energy consumption monitoring of traction transformer end in rail transit under dual carbon targets,
259568,2-s2.0-85069926908,Thermal conductivity in highly loaded metallic nanowire-dielectric composite: Effect of percolation network,
5028895321,2-s2.0-84955481467,"Quaternary Iodides A(BaSr)I5:Eu2+ (A = K, Cs) as Scintillators for Radiation Detection",
30436,2-s2.0-85160233811,Income inequality and carbon dioxide (CO2) in sub-Saharan Africa countries: the moderating role of financial inclusion and institutional quality,
393674027,2-s2.0-105034171264,Systematic Exploration of Feature Engineering and Machine Learning Algorithms for HVAC Fault Detection,
1530888,2-s2.0-85218425532,Elastic–plastic bending analysis of beams with tension–compression asymmetry: bimodular effect and strength differential effect,
81022986,2-s2.0-105032777718,Ozonated water as eco-friendly strategy to improve the shelf-life of ready-to-eat pigmented oranges,
7096,2-s2.0-80052327060,Controls on reservoir quality in the Triassic Sherwood Sandstone of the Irish Sea,
85261599,2-s2.0-105027765912,Research on style classification of Guangdong agricultural cultural and creative products based on SVM and image feature extraction,
46524419,2-s2.0-84867068499,Environmental management for baking enamel coating system on aluminum alloy building materials: Part 2 experimental evaluation for powder coating,
6013692,2-s2.0-0036131814,Mechanisms of scale formation and carbon dioxide partial pressure influence. Part II. Application in the study of mineral waters of reference,
762808,2-s2.0-105019055710,Site Selection Framework for Resilient Power Supply of Telecommunication Base Stations,
55461529,2-s2.0-105002493901,"Ceramic ultrafiltration membrane as pretreatment for drinking water nanofiltration treatment: Performance, cleaning, and costs based on an engineering case",
5115242643,2-s2.0-84881573042,A joint energy-saving mechanism for M2M communications in LTE-based system,
28244844,2-s2.0-78651418567,Experimental analysis on failure mechanism of 500 kV transmission tower under ice loading,
9024411,2-s2.0-85150466969,The integration of indigenous knowledge in school: a systematic review,
5998884,2-s2.0-85096912086,"Design, flight dynamics and control of robotic boomerang",
4367907608,2-s2.0-85149873419,Real-Time Observability-Aware Inertia Parameter Estimation for Quadrotors,
3388732,2-s2.0-105034054653,Impact of Chinese foreign direct investment on environmental stress in Pakistan: mediating role of technological innovation,
2126,2-s2.0-85072425902,Certification-compliance demonstration by flight or simulation?,
36658288,2-s2.0-85146652213,Characterization of the Operation of a BESS with a Photovoltaic System as a Regular Source for the Auxiliary Systems of a High-Voltage Substation in Brazil,
112855,2-s2.0-0036907372,Dynamic objects intelligent control construction on the represented models basis in the reflecting environment,
5855,2-s2.0-79960163579,Impact of active power curtailment on overvoltage prevention and energy production of PV inverters connected to low voltage residential feeders,
1785,2-s2.0-33750546711,A comparison of two methods of ventilation for open-chest surgery,
19045,2-s2.0-85059374419,The FvPHR1 transcription factor control phosphate homeostasis by transcriptionally regulating miR399a in woodland strawberry,
854086,2-s2.0-105007550816,Intelligent Traffic Management using Machine Learning,
25068,2-s2.0-85122492286,Lane-changing trajectory tracking method by integrated modified feasibility test model,
53095,2-s2.0-77950766332,Analysis of factors influencing the development of environmental norms and anti-ecological behavior,
866104105,2-s2.0-85081916670,Disinfection for decentralized wastewater reuse in rural areas through wetlands and solar driven onsite chlorination,
489369,2-s2.0-0024054653,Technical advances in metal forming,
415054653,2-s2.0-85177839044,Life Cycle Carbon Emissions of Energy Sources.,
7007,2-s2.0-85099749002,An Experimental Investigation on the Fire Resistance of the Integrated Envelope-Fire Protection Material for Steel Buildings,
7607209,2-s2.0-85139287843,Taiwan,
967562778,2-s2.0-84861731035,Carbon monoxide sensing mechanism of highly oriented TiO 2 from first principles,
488006090,2-s2.0-85058819025,Novel protein science enabled by total chemical synthesis,
1997167586,2-s2.0-0029222374,On the chemical vapor deposition of Si/B/C-Based coatings in various conditions of supersaturation,
66804,2-s2.0-85204773088,Quantifying Colombian blue carbon sinks from coastal mangroves,
189172230,2-s2.0-85062216419,Kinetics Study on the Capsaicin Extraction by Ion Exchange Resin,
3138918609,2-s2.0-0034586994,Molecular nanotechnology in aerospace: 1999,
9710748,2-s2.0-0032475161,Construction of structural design guidelines for vacuum vessels and other components,
753209726,2-s2.0-85117385155,Dry fermented sausages with total replacement of fat by extra virgin olive oil emulsion and indigenous lactic acid bacteria,
1533271,2-s2.0-52449142842,"Optimal{cyrillic small soft sign}nyi{cyrillic, short} polyarizatsionnyi{cyrillic, short} formalizm i partsial{cyrillic small soft sign}nyye volny",
6850,2-s2.0-84874330301,Experimental study of the precracking,
444754910,2-s2.0-84869480588,Distributed power control in quasi-synchronous multi-carrier CDMA systems,
4578421136,2-s2.0-34547650889,A new approach for an artificial evolving system,
859904,2-s2.0-85214437300,Analysis of Increasing Current Carrying Capacity Through the Application of an Air Cooling System in Underground Pipeline Section,
6095568,2-s2.0-84859305049,Coping with changes in a sector in crisis: The case of small Spanish wineries,
4146131901,2-s2.0-85100005109,Maintaining active safety performance through appropriate vehicle bumper refinishing: Case study for Korean minor damage repair standards,
3663523,2-s2.0-0027428932,Inhibitory effect of CO on internal anal sphincter: Heme oxygenase inhibitor inhibits NANC relaxation,
651254704,2-s2.0-85165749784,Deep Sub-criticality Determination Using the Source Jerk Integral Method in the SALMON program,
756803440,2-s2.0-105009329243,Influence of particle shape on antibacterial efficacy and bioactivity of Ag-containing bioglass/chitosan coatings on Ti,
108368114,2-s2.0-0025501080,Natural tracer test simulation by stochastic particle tracking method,
7413619,2-s2.0-85033682758,"Design, fabrication and numerical analysis of compact thermal management system integrated with composite phase change material and thermal bridge",
4888230,2-s2.0-85139955250,Seepage Characteristics Analysis on Earth Dams Considering Polymer Cutoff Wall with Construction Defects,
1375077603,2-s2.0-85179841495,Comparing Engineering Students Perceptions of Online and Traditional Face-to-Face Environments During a Problem and Project Based Learning (PBL) Module,
99113,2-s2.0-85057853423,Advanced satellite radar interferometry for deformation monitoring and infrastructure control in open-cast mines and oil/gas fields,
6648,2-s2.0-84873138117,The application research on remote monitoring and controlling system in irrigation pumping station,
446943,2-s2.0-0033102548,Public participation in EIA in Hungary: Analysis through three case studies,
7682,2-s2.0-85044477370,Kinetics of CO2 capture by carbon dioxide binding organic liquids,
4053505,2-s2.0-55049134379,Production planning with flexible customization using a branch-price-cut method,
3473750,2-s2.0-21444457742,Three-dimensional scapulothoracic motion during active and passive arm elevation,
2261831,2-s2.0-29344433052,Chemical weed control - A best alternate method for cotton in tungabhadra command area,
1823268230,2-s2.0-27744457535,Methods of improvement in technology for sinter production,
9173664,2-s2.0-85086851861,"Testosterone, sex steroids, and aging in neurodegenerative disease after acquired brain injury: a commentary",
76725942,2-s2.0-84887263841,Comparative analysis of fuel cell and photovoltaic panels as electrical sources for RO desalination domestic scale systems,
543934740,2-s2.0-85203315791,"Globalization’s effects on South Asia’s carbon emissions, 1996–2019: a multidimensional panel data perspective via FGLS",
9001725,2-s2.0-85188160521,"Management of park areas, sport fields, and school yards, including golf courses and public right of ways",
2126842917,2-s2.0-67649381845,Heat exchanges and thermoregulation in the neonate,
859023021,2-s2.0-85048608189,An estimation of factors influencing the return of stock-bond investment portfolios in Nigeria.,
4423957900,2-s2.0-0032055688,Influence of sporulation a(w) on heat resistance and germination of Penicillium roqueforti spores,
25071085,2-s2.0-85152437520,Building a Conceptual Model for the Environmental Fate of the Fungicide Benzovindiflupyr,
601503,2-s2.0-0027836556,Testing of stirling engine solar reflux heat-pipe receivers,
3417061347,2-s2.0-105033712210,Transient Synchronous Stability Analysis of Hydropower and Photovoltaic Integration System via VSC-HVDC Considering Current Limiting,
44745,2-s2.0-85066065696,Research Progress on Improving the Capture of Carbon Dioxide by Metal-Organic Frameworks,
43763934,2-s2.0-105025704969,Simulation of Hygrothermal Performance of Green Roofs: The Influence of Substrate Thickness for Different Climate Conditions,
6694,2-s2.0-85181554245,Fixed-Time Safe-by-Design Control for Uncertain Active Vehicle Suspension Systems With Nonlinear Reference Dynamics,
91908,2-s2.0-0348222023,"Characterisations and measurements for free release, an overview of the Studsvik experiences",
45713,2-s2.0-0034931857,Optical dynamic chaos in gas-discharge laser with delayed feedback,
70965,2-s2.0-85113660871,Thermodynamic Temperature Amplification by Means of Two Coupled Gas-Controlled Heat-Pipes,
1763026416,2-s2.0-77957226940,Use of olive mill waste mix as peat surrogate in substrate for strawberry soilless cultivation,
8087611,2-s2.0-105010219530,YOLO-PowerSE: An Efficient Deep Learning Model for UAV-based Power Cable Fault Detection,
6953,2-s2.0-85123107362,Iron in Porphyrias: Friend or Foe?,
51364,2-s2.0-105003116101,Cashew (Anacardium occidentale L.) nut meal could be a promising alternative protein feedstuff for lambs,
8544,2-s2.0-84989916822,"Performance, carcass quality and fatty acid profile of crossbred wagyu beef steers receiving palm and/or linseed oil",
39195948,2-s2.0-85079138765,Stakeholder perception of EU food safety governance: The case of EU fruit and vegetable imports from southern mediterranean countries,
237263,2-s2.0-84896495497,Biology of glucose transport in the mammary gland,
428093,2-s2.0-85017168697,Risk analysis of unburnt gas ignition in an exhaust system connected to a confined and mechanically ventilated enclosure fire,
743886,2-s2.0-0023279924,Candidate rotavirus vaccine (rhesus rotavirus strain) in children: An evaluation,
11150,2-s2.0-105038842804,Mitigating nitrate leaching using dicyandiamide and acidified ammonium sulfate solid digestate in Western Australian sandy soil,
643091656,2-s2.0-85208110715,Global trends on NH3-SCR research for NOx control during 1994–2023: A bibliometric analysis,
6927,2-s2.0-85091787615,"Thermoneutral zone for laying hens based on environmental conditions, enthalpy and thermal comfort indexes",
982700,2-s2.0-85043756929,Short-Term Reactive Power Planning to Minimize Cost of Energy Losses Considering PV Systems,
670377,2-s2.0-105035748415,Performance Assesment of Grid-Connected Bifacial PV Systems,
1381219,2-s2.0-55749116150,Activity motifs reveal principles of timing in transcriptional control of the yeast metabolic network,
318148874,2-s2.0-85203122850,"“Diluting branches” put to work: from synthesis to properties control of multifunctional polymers derived from triphenylamine, fluorene and thiophene",
4570105,2-s2.0-85201816788,Angstrom-Scale 2D Channels Designed For Osmotic Energy Harvesting,
33281396,2-s2.0-84907222689,Comparison of the specifications of the porcine production channels under “sign of quality” in Walloon Region,
392435563,2-s2.0-0020764978,REVIEW OF DATA ON RUBBER MOUNTINGS.,
3531721,2-s2.0-79952192343,Experimental determination of the propagation of wireless signals on board a cruise ship,
164989,2-s2.0-0029124584,Regulating pollution under asymmetric information: The case of industrial wastewater treatment,
387283407,2-s2.0-105009602134,Research on Co-simulation of Machine-liquid-control System of High Voltage Circuit Breaker,
7856671,2-s2.0-0034866157,Gas-particle partitioning of nitric acid modulated by alkaline aerosol,
4462850,2-s2.0-85088371251,Network traffic characterization in the control network of openstack based on virtual machines state changes,
2654727,2-s2.0-0031372876,Solid state lasers for 193-nm photolithography,
4551140545,2-s2.0-85166511509,A SURVEY ON USED VEHICLE PRICE ESTIMATION SYSTEMS USING ARTIFICIAL INTELLIGENCE METHODS,
3036335875,2-s2.0-85059288816,Mechanistic alternatives for peptide bond formation on the ribosome,
2770396,2-s2.0-85003918763,Sustainability development strategy of China’s high speed rail,
4119544,2-s2.0-72149108989,Sex separation strategies: Past experience and new approaches,
4619218375,2-s2.0-85201822138,PTPsec: Securing the Precision Time Protocol Against Time Delay Attacks Using Cyclic Path Asymmetry Analysis,
9869592,2-s2.0-85196144207,The forgotten forests: Incorporating temperate peat-forming wet woodlands as nature-based solutions into policy and practice,
4786483538,2-s2.0-105016999517,Novel TDC-LMS Approach for Reactive Power Compensation in Fuel Cell-Based Smart Grids,
7387457,2-s2.0-84862666929,A research of facial biometric encryption based on fuzzy extraction,
2745903981,2-s2.0-105043100163,Evolutionary restructuring of sexual behavior in domesticated animals under human-controlled environments,
647122,2-s2.0-85180707129,Heat-Transfer Analysis of the Promotion of the CO2 Reduction Performance of a P4O10/TiO2 Photocatalyst Using a Black Body Material,
54670,2-s2.0-0036977187,Energy-conserving feedback EDF scheduling for embedded systems with real-time constraints,
47050134,2-s2.0-105021034850,The effects of combined low-dose cadmium and deltamethrin on mitochondrial bioenergetics and metabolism in human lung fibroblasts,
159925,2-s2.0-85065875469,The role of reference prices in the lodging industry: the moderating effect of an individual’s psychological state,
16728108,2-s2.0-105032855870,Research on Thermal Simulation and Failure Mechanisms of High-Power GaN-Based Blue Laser Diode,
8412,2-s2.0-105037964294,Preparation and performance optimization of non-autoclaved aerated concrete based on orthogonal tests,
466714,2-s2.0-85110638814,Female Excluded more than Male: Do Community Characteristics Matter?,
8026125,2-s2.0-84881527078,Impact of carbonaceous materials in soil on the transport of soil-bound PAHs during rainfall-runoff events,
151396,2-s2.0-85139372514,Paleolimnological evaluation of metal(loid) enrichment from oil sands and gold mining operations in northwestern Canada,
4978752599,2-s2.0-85088269463,Adaptive Control of Full-State Constrained High-Order Nonlinear Systems with Time-Varying Powers,
2695,2-s2.0-38349102795,Phosphorus adsorption by naturally-occurring materials and industrial by-products,
5853,2-s2.0-77951130783,A novel design method for continuous-input-current charge pump power factor correction circuit,
37643,2-s2.0-84876147199,Physics-based GaN HEMT transport and charge model: Experimental verification and performance projection,
4507539530,2-s2.0-85069351891,ANL HIGH-ENERGY BATTERIES FOR ELECTRIC VEHICLES.,
384950479,2-s2.0-105015386207,CTSG-Net: A Fine-Grained Intersection Queue Length Prediction Model at a Network Scale,
151486882,2-s2.0-85147119589,The fuel cell electric vehicles: The highlight review,
44696,2-s2.0-0343961478,The ORELA positron-scattering program: Progress in the first energy-analysis experiments,
61932,2-s2.0-84885435415,Prereproductive stress to female rats alters corticotropin releasing factor type 1 expression in ova and behavior and brain corticotropin releasing factor type 1 expression in offspring,
69806349,2-s2.0-0030391946,Robust image communication using subband coding and multilevel modulation,
1829283,2-s2.0-44949091609,Hyperspectral data processing algorithm combining principal component analysis and K nearest neighbours,
344525,2-s2.0-84947793623,The range of tree-indexed random walk in low dimensions,
7716,2-s2.0-105004951058,Simulation of water flow and sulfate transport in a large freshwater lake basin under natural and anthropogenic disturbances,
405807,2-s2.0-85206943645,Enabling and inhibiting factors of sustainability of Farmer's Producers Organisations in India,
275796364,2-s2.0-85092434663,Micro- and nanoplastic induced cellular toxicity in mammals: A review,
2131218,2-s2.0-85075695037,Relationship between science and technology spending and Gross Domestic Product in Latin America,
77152446,2-s2.0-0010895474,Heavy quark solitons: Strangeness and symmetry breaking,
3600604076,2-s2.0-85044321609,"Fitting with l moments of the GEV, GLO and GPA distributions non-stationary in their location parameter, applied to extreme hydrological data",
5036017455,2-s2.0-85105644825,Co-designing strategies to support patient partners during a scoping review and reflections on the process: a commentary,
99804178,2-s2.0-85195005525,"Synergy of higher education resources and digital infrastructure construction in China: Regional differences, dynamic evolution and trend forecasting",
8184,2-s2.0-84905841457,Brief review of cadmium telluride-based photovoltaic technologies,
788811,2-s2.0-85075838890,3D Indoor Mapping Based on Camera Visual Odometry Using Point Cloud,
372564984,2-s2.0-0019896832,Salting-out of methane in single-salt solutions at 25°C and below 800 psia,
873859,2-s2.0-0028457667,Family planning at the turn of the 21st century,
3051513984,2-s2.0-105039124237,"Functional proteomic signatures of bovine milk across Chinese dairy regions: quantitative comparison of casein, whey, and MFGM fractions",
332169,2-s2.0-63149128563,Child sexual abuse and persistence of risky sexual behaviors and negative sexual outcomes over adulthood: Findings from a birth cohort,
47451,2-s2.0-84903555032,Design of a microgrid with low-voltage ride-through capability and simulation experiment,
332089881,2-s2.0-85018579439,Compressive Strength of Construction Materials Containing Agricultural Crop Wastes: A Review,
61503564,2-s2.0-85219556249,Nanomaterial-Enhanced Self-Consolidating High-Performance Concrete: Investigating the Effects of Nano POFA Incorporation,
30975465,2-s2.0-34247125657,"Self-regulated learning, motivation and goal theory: Implications for instructional design and e-learning",
8931176,2-s2.0-85072458715,Dummy head kinematics in tripped rollover tests and a test method to evaluate the effect of curtain airbag deployment,
8462629,2-s2.0-105043298318,Modulating near-white-light emission in dysprosium(III) β-diketonate complexes through ligand design,
996240,2-s2.0-85219525224,Health system reform in the context of COVID-19: a policy brief outlining lessons from Ireland’s journey towards the goal of universal healthcare,
3506828852,2-s2.0-78650725826,Robust control in sparse mobile ad-hoc networks,
3278540556,2-s2.0-105014756191,Experimental study on bond performance between alkali-activated slag–fly ash recycled concrete and steel bar,
51230,2-s2.0-84946534255,An Irreversible Control Gear: A Hydraulic Steering Damper Designed for Motor Cars Adapted to Aeroplane Controls,
9091346,2-s2.0-84940100542,Modeling and Control of DFIG Through Back-to-Back Five Levels Converters Based on Neuro-Fuzzy Controller,
9435,2-s2.0-85194965991,"The impact of cleaner energy sources, advanced technology firms, and economic expansion on ecological footprints is critical in sustainable development",
2690,2-s2.0-24144482635,Cross-layer lifetime maximization under reliability and stability constraints in wireless sensor networks,
96196639,2-s2.0-105029849411,Understanding Mass Transport in Carbon-Based Membranes,
62844696,2-s2.0-105012100872,Eyes on the Road: Unleashing the Power of Autonomous Vehicles with Cameras,
985095,2-s2.0-85025107958,Impact of temporal resolution of precipitation forcing data on modelled urban-atmosphere exchanges and surface conditions,
75356158,2-s2.0-85212081107,Wide DC Output Voltage Range Buck-Boost 6-Module Y-Rectifier Featuring Full Power Delivery in 3-Phase and 1-Phase Operation,
8115,2-s2.0-84914043756,A standardized method for the production of hemorrhagic shock in the rat,
958268969,2-s2.0-84974831643,"Effects of exercise mode, energy, and macronutrient interventions on inflammation during military training",
534379188,2-s2.0-84860875666,Secure wireless data communications for distribution automation in the Smart Grid,
26517,2-s2.0-0034875918,Fuzzy successive averaging method in multistage optimization systems,
85093,2-s2.0-85070664490,Gas-kinetic unified algorithm for computable modeling of Boltzmann equation for aerothermodynamics during falling disintegration of Tiangong-type spacecraft,
573522,2-s2.0-33845206810,Government regulation and quality in the US beef market,
794529726,2-s2.0-69749122821,Holographic surveillance radar,
70612,2-s2.0-57449099877,Tyrosine-dependent and -independent actions of leptin receptor in control of energy balance and glucose homeostasis,
56526,2-s2.0-84975461939,Hydration experiment of hard brittle shale of the longmaxi formation,
907143396,2-s2.0-85044581023,A multipurpose reduced mechanism for ethanol combustion,
3048976125,2-s2.0-85146799331,Methods for Measuring Carbon Dioxide Uptake and Permanence: Review and Implications for Macroalgae Aquaculture,
246935951,2-s2.0-85065100477,"Monetary policy cyclicality, industrial output and economic growth interactions in Nigeria",
72417181,2-s2.0-0017959973,A Sealed High-Repetition-Rate TEA CO2 Laser,
3804309,2-s2.0-33644789421,Conservation of gene co-regulation between two prokaryotes: Bacillus subtilis and Escherichia coli.,
986450,2-s2.0-105041856023,Prediction of Ligand Binding to Transthyretin Using Machine Learning Algorithms and Low-Dimensional Molecular Descriptors: A Tox24 Challenge Study,
3697,2-s2.0-105026763289,Ethylene carbonate-free electrolytes toward better lithium-ion batteries,
53861777,2-s2.0-84865314083,Formation conditions and geological characteristics of deep giant gas provinces in the Kuqa foreland thrust belt,
58150157,2-s2.0-85030853128,The perspective of gender on the Ebola virus using a risk management and population health framework: A scoping review,
66001625,2-s2.0-85031678462,"Cost, contractors and scale: An empirical analysis of the california solar market",
29782,2-s2.0-85135267272,Development and characterization of an automated portable wound irrigation device for diabetic ulcers,
6892888,2-s2.0-105034392237,Operant conditioning through positive reinforcement in the ghost crab (Ocypode quadrata),
7689,2-s2.0-105019672896,Light-Load Analysis and Control for PFC Converter With Modular Inductive Switching Network,
393085982,2-s2.0-0030853057,Structure-dependent sliding and grain boundary engineering for superplasticity,
2381798065,2-s2.0-0032467746,Acoustic properties from logs and discrete measurements (Sites 966 and 967) on Eratosthenes Seamount: Controls and ground truth,
112672,2-s2.0-85167786246,Power hardware-in-the-loop methodology and implementation: energy conversion system applications,
2728609712,2-s2.0-85075069692,"Negative campaigns, interpersonal trust, and prosocial behavior: The mediating effect of democratic experience",
338276787,2-s2.0-105038716500,Integrated GBInSAR and thermo-mechanical modeling for rock slope displacement analysis across geometrical complexities,
1683022361,2-s2.0-105037440462,Reactive Power Support for EV-Driven Distribution Networks Using Surrogate-Assisted War Strategy Optimization,
44558,2-s2.0-85010440900,Voltage regulation in distribution networks with distributed generation-A review,
5361,2-s2.0-105028926526,Junction Temperature Balancing Strategy of Model Predictive Control for Single-phase PWM Rectifiers With Periodic Switching Sequence Alternation,
4558841161,2-s2.0-85084720134,Finite Element Analysis of Coated (Intumescent Coating Protection) Cellular Steel Beam (CSB) Expose to Fire,
268845,2-s2.0-84944524237,High order schemes for the tempered fractional diffusion equations,
664116,2-s2.0-85021081038,Development of an economic model for counter terrorism measures in the process-industry,
2658916913,2-s2.0-85061781744,"Content Analysis Approach: A Review on the Extent of Science and Engineering Curriculum Meet Competency Requirements for Testing, Inspection and Certification Industry",
11249,2-s2.0-85168912239,Dual ant colony optimization for electric vehicle charging infrastructure planning,
2221,2-s2.0-85050727177,Physiological and biochemical responses to iron stress conditions depend on grapevine genotype,
1843132,2-s2.0-85104544456,Dietary oleocanthal supplementation prevents inflammation and oxidative stress in collagen-induced arthritis in mice,
1797976,2-s2.0-22044456148,"An X-ray-luminous, dwarf seyfert companion of markarian 273",
943177074,2-s2.0-85163940188,"Adoption of Artificial Intelligence, Preprints, Open Peer Review, Model Text Recycling Policies, Best Practice in Scholarly Publishing: Comment",
969271960,2-s2.0-85008883049,Constraining the geometry of PSR J0855-4644: A nearby pulsar wind nebula with double torus/jet morphology,
5165332,2-s2.0-34547431037,Measurement and analysis of horizontal vibration response of pile foundations,
6881,2-s2.0-105024798256,Fault ride-through coordinated control strategy for offshore wind power via flexible low-frequency transmission system,
9716369,2-s2.0-85068463407,Integrating power assignment into energy-efficient routing in E2E retransmission systems,
4931273953,2-s2.0-105036516290,"Flower visitors and floral traits of two sympatric Mucuna (Fabaceae) species on Iriomote-jima Island in the Ryukyu Archipelago, Japan",
842600,2-s2.0-105040141209,Design of a Lightweight Ship Real-time Detection Algorithm Based on Improved YOLOv8n,
3629035911,2-s2.0-85161329809,Effect of SiO2 aerogel nanoparticles impregnation on properties of bamboo,
8313320,2-s2.0-85029147202,Determinants and implications of citizens’ environmental complaint in China: Integrating theory of planned behavior and norm activation model,
14812674,2-s2.0-85085949374,Real-time out-of-distribution detection in learning-enabled cyber-physical systems,
131347,2-s2.0-0021630859,SLURRY PIPELINE CONTROL SYSTEMS.,
396391559,2-s2.0-0033954932,Genetic control of O3 sensitivity in a cross between two cultivars of snap bean,
5659,2-s2.0-85131467404,Research on slope stability of Yanshan iron mine after water control works in east slope,
94285515,2-s2.0-85182800678,Design of Cascade Power Electronic Transformer Based Flexible Interconnection System for Distribution Network,
4775248887,2-s2.0-105031609741,AI-Based Security Engineering for Fintech and Regulated Industries,
12588,2-s2.0-0021516904,ADAPTIVE CONTROL OF TRANSMITTED POWER IN A RADIO LINK WITH DELAYED CONTROL SIGNALS.,
4356,2-s2.0-85146497760,A cyber-physical dynamic control approach for smooth traffic and clean urban networks using a bi-objective regulation function at signalized intersections,
621985975,2-s2.0-85160007929,Teat open lesions can lead to challenges at milking time on dairies in the Northeast United States,
3142317321,2-s2.0-22044440607,Neuroprotection by neuregulin-1 following focal stroke is associated with the attenuation of ischemia-induced pro-inflammatory and stress gene expression,
3132478433,2-s2.0-0038065588,Efficiency of constructed wetland to treat domestic sewage and industrial wastewater,
83800,2-s2.0-0028794943,Response of the green mussel perna viridis (l.) to heat treatment in relation to power plant biofouling control,
1272341,2-s2.0-85007309021,"Start-up of a varspeed group in pump mode, practical implementations and tests",
720704627,2-s2.0-52349084650,An empirical study on time-correlation of GSM telephone traffic,
18005,2-s2.0-105024641954,"Comprehensive Review of Carbon Nanotubes: Synthesis, Properties, Functionalization, Characterization, and Applications",
93925,2-s2.0-34547490287,Price evolution of foods and nutriments in Mexico from 1973 to 2004,
3764,2-s2.0-105009230459,"Forensic identification using airDNA: a preliminary study on the collection, isolation, amplification and sequencing of human DNA from air samples",
79690862,2-s2.0-84855445153,Airborne scanning LiDAR in a double sampling forest carbon inventory,
241527,2-s2.0-105032119136,STUDY OF IMPROVING METHOD OF AERODYNAMIC PERFORMANCE FOR AN AIRCRAFT AT HIGH ANGLES OF ATTACK BASED ON BLOWING AND SUCTION CONTROL,
4953154812,2-s2.0-105012102077,"Unraveling asymmetric connectedness: Board diversity, green energy and climate change combat: An asymmetry in economic dynamics",
3597,2-s2.0-58049189303,Modern blasting using electronic detonators and the total drill and blast concept in quarries,
56563,2-s2.0-105015497540,Turkey’s Geostrategic Role In British Foreign Policy During The Second World War 1939-1945,
1058044161,2-s2.0-33746911583,Chinese bilateral intra-industry trade: A panel data study for 50 countries in the 1992-2001 period,
2029085250,2-s2.0-85190429198,"FACTORS INFLUENCING SMALLHOLDER CROP FARMERS’ AWARENESS AND ADAPTATION MEASURES ON CLIMATE CHANGE IN MOPANI DISTRICT MUNICIPALITY IN THE LIMPOPO PROVINCE, SOUTH AFRICA",
1425239193,2-s2.0-105038199847,A brightness-adaptive recursive enhancement under severe illumination imbalance and particulate scattering,
124649,2-s2.0-85129744125,"End-of-life management of single-use baby diapers: Analysis of technical, health and environment aspects",
459028976,2-s2.0-0022530203,Neuronal circuits controlling flight in the locust: how sensory information is processed for motor control,
37697430,2-s2.0-84940490355,Maternal folate status as a risk factor for autism spectrum disorders: A review of existing evidence,
9850,2-s2.0-84971484620,Small strain model based method for analysis of pile responses induced by excavation,
721421627,2-s2.0-84911891784,"Bioconcentration, metabolism and neurotoxicity of the organophorous flame retardant 1,3-dichloro 2-propyl phosphate (TDCPP) to zebrafish",
5293,2-s2.0-85068610420,Intelligibility and transparency in model-based collaborative governance,
4203803391,2-s2.0-77956314817,"Policy development in malaria vector management in Mozambique, South Africa and Zimbabwe",
1270887888,2-s2.0-105009012377,Design of an Experimental Measurement and Control System for a Custom Hydrogen Fuel Cell,
705876,2-s2.0-84896518275,A cost-effective trace gas measurement program for long-term monitoring of the stratospheric circulation,
53443638,2-s2.0-0020404297,Multiple assay characterization of murine monoclonal antimelanoma antibodies,
2255,2-s2.0-38749119353,Optimization tool for short-term production planning and scheduling,
269364252,2-s2.0-85045413177,"Electron-Transfer Dynamics in a Zn-Porphyrin-Quinone Cyclophane: Effects of Solvent, Vibrational Relaxations, and Conical Intersections",
632185,2-s2.0-84863951144,Modeling and simulation of a Dynamic Voltage Restorer (DVR) for power quality problems-voltage sags and swells,
99822,2-s2.0-85054492394,Combustion Characteristics and Pollutants in the Flue Gas During Shoe Manufacturing Waste Combustion in a 2.5 MWth Pilot-Scale Circulating Fluidized Bed,
71086817,2-s2.0-85095112461,Scaling pulser output parameters for standard and dry brick configurations,
516262465,2-s2.0-85088858889,Excretion balance and pharmacokinetics following a single oral dose of [14C]-fedratinib in healthy subjects,
58561,2-s2.0-85101736304,POMC neuronal heterogeneity in energy balance and beyond: an integrated view,
1602,2-s2.0-85207582785,Pilot spoofing attack detection and channel estimation for secure massive MIMO,
72465,2-s2.0-105038547755,Modeling half-logistic distribution by Gompertz-G family: Theory and application,
2161751319,2-s2.0-85021514968,Advances in Catalysis and Related Subjects,
3135508422,2-s2.0-85074878186,Numerical simulation and preliminary analysis of typhoon waves during three typhoons in the Yellow Sea and East China Sea,
66735633,2-s2.0-0035847151,Fast temperature programming in routine analysis of multiple pesticide residues in food matrices,
470686,2-s2.0-105013214997,Real-Time Anomaly Detection of Electricity Time Series Data Based on Future-Guidance Network,
805537321,2-s2.0-70350021420,Characterization of solute transport through miscible displacement experiments,
453062,2-s2.0-84986213807,Computational Design and Experimental Validation of SAR Mixers,
83139,2-s2.0-0026898430,Foot force distribution of walking machine with consideration of terrain properties,
3238241573,2-s2.0-85063028687,VHCF response of Gaussian SLM AlSi10Mg specimens: Effect of a stress relief heat treatment,
543959712,2-s2.0-84989859507,Role of large scale channel information on predictive resource allocation,
5271,2-s2.0-85138441274,Insights into binding molecular mechanism of hemagglutinin H3N2 of influenza virus complexed with arbidol and its derivative: A molecular dynamics simulation perspective,
6755,2-s2.0-85215508404,Associations of Concordant and Shared Lung Cancer Screening Decision Making with Decisional Conflict: A Multi-Institution Cross-Sectional Analysis,
158905,2-s2.0-105020948820,A NEW APPROACH TO BUILDING ENERGY MODELS OF NEURAL NETWORKS,
1548683561,2-s2.0-84941266487,Decaying capillary wave turbulence under broad-scale dissipation,
37386312,2-s2.0-85115077480,Features of hygienic assessment of atmospheric air quality in the area of the location of the enterprise for the production of mineral fertilizers,
47271481,2-s2.0-85100331976,A quantitative cross-comparison of container networking technologies for virtualized service infrastructures in local computing environments,
2124278642,2-s2.0-27244438028,Emerging pharmacological approaches to the treatment of obesity,
8431,2-s2.0-85147183630,On the nature of flow curve and categorization of thixotropic yield stress materials,
71124,2-s2.0-84987056987,Fluorescence and Upconversion in CaF2:Ho3+,
5094352,2-s2.0-85090424550,A comparative study of supercapacitor-based STATCOM in a grid-connected photovoltaic system for regulating power quality issues,
29770,2-s2.0-62349092981,A uniform negotiation and delivery framework for TCP-based data collaboration applications,
97445,2-s2.0-77954166341,Nonfunctional regulatory T cells and defective control of Th2 cytokine production in natural scurfy mutant mice,
6678413,2-s2.0-85187778352,"Strategic pricing, lifespan choices and environmental implications of peer-to-peer sharing",
133973155,2-s2.0-85086590937,Nexus between running costs and building characteristics of commercial buildings: hedonic regression modelling,
16849,2-s2.0-85087035128,Geothermal Technology for Sustainable Climate Control in an Historic House,
3039796,2-s2.0-84991744683,Energy scheduling for a smart home applying stochastic model predictive control,
8420,2-s2.0-0043022105,"Evidence for bacterial (Mycoplasma, Chlamydia) and viral (HHV-6) co-infections in Chronic Fatigue Syndrome patients",
681176,2-s2.0-85046336925,Deep learning in photovoltaic penetration classification,
2239,2-s2.0-84871447862,"Formation conditions and exploration potential of tight oil in the Permian saline lacustrine dolomitic rock, Junggar Basin, NW China",
4652968889,2-s2.0-84905867109,A study on transient enhancement for fault diagnosis based on an active noise control system,
26134,2-s2.0-85138617584,State-of-the-art survey of smart contract verification based on formal methods,
939444,2-s2.0-0027433456,Neurophysiology of acute and chronic pain,
75707712,2-s2.0-85014778812,An empirical exploration of the link between reporting to stakeholders and corporate social responsibility reputation in the Spanish context,
6834665,2-s2.0-85132950207,A graph neural network approach for molecule carcinogenicity prediction,
839823,2-s2.0-105016454412,Experimental and numerical study of CVD diamond microchannel cooling for high heat flux heterogeneous material-integrated dies,
230550369,2-s2.0-85020549203,Investigating the NCQ scaling of elliptic flow at LHC with a multiphase transport model,
58526716,2-s2.0-33846962139,A comparison of costs in providing dental care for special needs patients under sedation or general anaesthesia in the North East of England.,
876583,2-s2.0-85097418080,APSD up to 100 kHz dataset measured in the IPEN/MB-01 research reactor facility,
92941389,2-s2.0-84866864184,"Determining independent control of dual-frother systems - Gas holdup, bubble size and water overflow rate",
136338199,2-s2.0-79952567178,Analysis of fracture in aluminum joints bonded with a bi-component epoxy adhesive,
2292663031,2-s2.0-105043942196,Efficiency Optimization Control of Electrolytic-Capacitor-Less Permanent Magnet Synchronous Motor Based on Fixed-Step Search Algorithm,
655497903,2-s2.0-33645216984,Regulated expression of two sets of paternally imprinted genes is necessary for mouse parthenogenetic development to term,
6005,2-s2.0-85082391211,Design and numerical analysis of a damage-controllable mechanical hinge beam-to-column connection,
91423603,2-s2.0-4344711281,Evidence for a narrow |S| = 1 baryon state at a mass of 1528 MeV in quasi-real photoproduction,
62933681,2-s2.0-85012879085,Community food environments and healthy food access among older adults: A review of the evidence for the Senior Farmers’ Market Nutrition Program (SFMNP),
41861,2-s2.0-105002815827,When Heads of Government and State (HOGS) Fly: Introducing the Country and Organizational Leader Travel (COLT) Dataset Measuring Foreign Travel by HOGS,
481636865,2-s2.0-105006556018,Covert Cooperative Jamming Aided Secure Wireless Communication with Channel Inversion Power Control,
985276004,2-s2.0-85095986180,"Dendrobium officinale flower extraction mitigates alcohol-induced liver injury in mice: Role of antisteatosis, antioxidative, and anti-inflammatory",
355318975,2-s2.0-105017654141,Multi-Time-Domain Hierarchical Scheduling of Integrated Energy Systems With Frequency Decomposition Considering Large-Scale Grid Connection of Electric Vehicles,
4937554074,2-s2.0-85072474564,Production and analysis of EDS coal-derived middle distillate test fuels from hydrogenation at three levels of severity,
1685351259,2-s2.0-105009239946,Life cycle environmental impacts based on detailed stages and synergistic environmental benefits of coke production in China,
67798485,2-s2.0-105022003952,Association between total bilirubin-to-glucose ratio and long- and short-term prognosis in liver cirrhosis: A study based on the MIMIC-IV database,
21545507,2-s2.0-84887515147,Uncertainty analysis of the carbon tax on net profit for an enterprise,
67496,2-s2.0-105009578775,When to use Bootstrap-F in One-Way Repeated Measures ANOVA: Type I Error and Power,
763116994,2-s2.0-84922261519,Quantifying decoherence effect of photon-modulated squeezed vacuum states,
10651,2-s2.0-84966297023,Optimal design of robust FOPID for the flight control system using multi-objective Differential Evolution,
7507,2-s2.0-85046584134,"Use of the environment a,nd the legal impact of resulting emotional harm",
96472070,2-s2.0-85081100929,Resistive wall instability in CSNS/RCS,
3353453077,2-s2.0-105007243247,Multi-model MCDM framework for sustainable renewable energy selection in India: integrating CRITIC-EDAS-CODAS-CoCoSo,
535236,2-s2.0-85121704622,The future status of solid waste generation in Tehran metropolis with regression analysis method based on population,
2339878728,2-s2.0-79955572027,Effect of annealing process on microstructure and mechanical properties of super fine grain if steel,
2780,2-s2.0-85045412975,Study on nutrient package for pomegranate (Punica granatum L.),
9349,2-s2.0-85059781124,Microwave-enhanced catalytic transfer hydrogenation of levulinic acid to γ-valerolactone using zirconium-based metal organic frameworks: A comparative study with conventional heating processes,
156060830,2-s2.0-14844338722,Soybean allergenicity and suppression of the immunodominant allergen,
934366366,2-s2.0-85010063276,Study on a Holonomic Omnidirectional Power Wheelchair-Integration of Manual and Automatic Control-,
559008,2-s2.0-85047431771,Effect of generator reactive power limit on proximity to voltage instability of multibus power system,
8639892,2-s2.0-84888131571,Uncertainty in below-ground carbon biomass for major land covers in Southeast Asia,
50065994,2-s2.0-79955600632,"Luminescent chemical sensing, biosensing, and screening using upconverting nanoparticles",
326328018,2-s2.0-85095424443,"Murchison Widefield Array detection of steep-spectrum, diffuse, non-thermal radio emission within Abell 1127",
75812,2-s2.0-84973855846,Security transmission with modulator structurehopping in cooperative system with untrusted relay,
838473,2-s2.0-85073054906,Compositional simulation of three-phase flow in mixed-wet shale oil reservoir,
8100131,2-s2.0-78149451316,Protecting the planet and its people: How do interventions to promote environmental sustainability and occupational safety and health overlap?,
43364543,2-s2.0-84877259288,Improving capacity utilization - Low voltage grids with high photovoltaic penetration,
3158868602,2-s2.0-84861005428,3D Stochastic reservoir model and fluid flow simulation of a CO 2-EOR pilot in a fractured reservoir,
1565,2-s2.0-85096079815,Supramolecular medical antibacterial tissue adhesive prepared based on natural small molecules,
2811809,2-s2.0-34548308705,An integrated scenario analysis for the metal coating sector in Europe,
7866,2-s2.0-85135765228,Peer-to-Peer Energy Trading for Residential Prosumers With Photovoltaic and Battery Storage Systems,
1286364899,2-s2.0-105006499527,China's low-carbon technology trade: Facts and implications,
254949,2-s2.0-84948666987,"Thin Shell, High Velocity Inertial Confinement Fusion Implosions on the National Ignition Facility",
331108492,2-s2.0-105036484880,Bimetallic Synergy in Cocatalyst Alloy Nanoparticles for Efficient Photocatalytic Hydrogen Production,
11885500,2-s2.0-105039782204,"Effects of replacing fish meal with poultry slaughter waste powder on growth performance, blood factors and carcass of Barbus grypus (Heckle, 1843) fingerlings",
77397320,2-s2.0-85216070174,In situ chemical bonding at the 30 wt.% GF/PA6-A2024 aluminium alloy interface via ultrasonic-assisted injection moulding,
74097,2-s2.0-64849083704,Numerical and experimental studies on self-sustaining equilibrium atmosphere boundary layer,
373595,2-s2.0-0028932901,Nerve‐dependent regulation of succinate dehydrogenase in junctional and extrajunctional compartments of rat muscle fibres.,
327539175,2-s2.0-85200261868,A novel non-aqueous absorbent of amino-functionalized ionic liquid for efficient CO2 capture,
180489,2-s2.0-85149263482,Study on the control strategy of VSG-based hydrogen production unit grid-connected for weak grid,
2550077133,2-s2.0-105002715998,Machine learning models to predict posttraumatic stress injuries in a sample of firefighters: A proof of concept,
98972,2-s2.0-77953712749,Cyclin-dependent kinase 4/6 (Cdk4/6) inhibitors: Perspectives in cancer therapy and imaging,
1667,2-s2.0-85084111194,A multi-agent reinforcement learning framework for lithium-ion battery scheduling problems,
4848,2-s2.0-0029541798,Using an adaptive autopilot for flight control system performance improvement,
4287,2-s2.0-6344284940,Oxidized low-density lipoproteins accumulate in rat lung after experimental lung edema induced by alpha- naphthylthiourea (ANTU),
5074669848,2-s2.0-105009740457,Thermal bioclimatic transformations in the coastal regions of Ganges delta: insights from CMIP6 multi-model ensemble,
88078,2-s2.0-105011749881,Development and biological validation of a flat-sheet membrane bioreactor for ultra-low gas flux bioprocesses,
689087615,2-s2.0-85009065199,Green lasers are beyond power limits mandated by safety standards,
4553,2-s2.0-85160228241,Mapping of construction materials reuse practices within large Norwegian municipalities,
1892991,2-s2.0-85074017973,An exploratory model of fishermen quality of life,
4592914547,2-s2.0-84955262296,Comparative transcriptional profiling of renal cortex in rats with inherited stress-induced arterial hypertension and normotensive Wistar Albino Glaxo rats,
74927,2-s2.0-78149282298,Myostatin regulates glucose metabolism via the AMP-activated protein kinase pathway in skeletal muscle cells,
988679344,2-s2.0-80052132444,"Illuminance distributions, visual response and limits for conservation of exhibits in Admiral Cheng Ho Gallery, Malaysia",
3418299,2-s2.0-85163603808,Smart Traffic Management System using YOLOv4 and MobileNetV2 Convolutional Neural Network Architecture,
27567211,2-s2.0-85186533976,Cabin noise analysis of polar transport vessels under ship‒ice‒water‒air coupling continuous icebreaking based on the S-ALE algorithm,
6884037,2-s2.0-105036850074,From Laboratory to Building Scale: A Digital-Twin Methodology for Resilience-Oriented Assessment of RC Infrastructure Using Waste Wool-Fibre Cementitious Materials,
3073,2-s2.0-84993017537,The standardisation of construction snagging,
57794,2-s2.0-0345118965,Future nanotechnology developments for automotive applications,
16990,2-s2.0-85028090444,Coupling axial vibration with hook load/bit force and the effect of shock absorber,
71247301,2-s2.0-84963795487,Cell resistance slope combined with LVQ neural network for prediction of anode effect,
1611,2-s2.0-0001701471,Phenotypic variation in electromorphs previously considered to be genetic markers in Microtus ochrogaster,
1278047,2-s2.0-85074572144,"Distribution pattern and sequential sampling plan for chilli thrips, Scirtothrips dorsalis Hood (Thripidae: Thysanoptera)",
1579,2-s2.0-0035519167,Laboratory simulation of spacecraft surface charging and discharging caused structural potential transients and its interference test method on DC-DC converter,
264048822,2-s2.0-44349157223,Texture evolution in grain-oriented electrical steel during hot band annealing and cold rolling,
3427465,2-s2.0-5644263870,Optimization design of speed H∞ controller for permanent magnet linear motor servo system,
88333,2-s2.0-85075443521,Field development plan and well completion system optimization for ultra-tight and ultra-heterogeneous oil reservoirs,
22440,2-s2.0-85027718108,Analytical study of effective factors on increasing punching shear strength in reinforced concrete flat slabs connections with an opening,
129432678,2-s2.0-0347026293,Optimal preview control of active suspensions with integral constraint,
65833,2-s2.0-84949927006,Hybridcast: A wireless image/video SoftCast scheme using layered representation and hybrid digital-analog modulation,
9327,2-s2.0-85056657214,Delays in construction works in Polish construction industry from the contractors' point of view,
747116,2-s2.0-33747374147,Estimating the body mass of extinct ungulates: A study on the use of multiple regression,
4242961092,2-s2.0-85165329811,MDA-FLH: Multidimensional Data Aggregation Scheme with Fine-Grained Linear Homomorphism for Smart Grid,
4906,2-s2.0-85209894965,"Mitigation of non-CO2 greenhouse gas emissions in China’s agricultural sector: Policy measures, technology applications, and future perspectives",
7501,2-s2.0-85074047162,Heat-related deaths among construction workers in the United States,
61206,2-s2.0-85029186842,Wetting of Inkjet Polymer Droplets on Porous Alumina Substrates,
238989,2-s2.0-84979649189,Option-implied probability distributions: How reliable? How jagged?,
810616533,2-s2.0-84885144421,"Organic aerosol composition and sources in Pasadena, California, during the 2010 CalNex campaign",
433112,2-s2.0-85102846271,2D-key-points-localization-driven 3D aircraft pose estimation,
3292632,2-s2.0-105015384494,Edge-Guided Multi-Scale YOLOv11n: An Advanced Framework for Accurate Ship Detection in Remote Sensing Imagery,
364514,2-s2.0-85048663543,Minimising biomass accumulation in biotrickling filters,
416482636,2-s2.0-84872594287,Interpretation of the early hydration procedure of standard cement materials by electrodeless resistivity method,
5261232,2-s2.0-84882263971,A new solvent-based enhanced heavy oil recovery method: Cyclic production with continuous solvent injection,
439368,2-s2.0-0016049837,EASIER WAY TO DIAGRAM AIR CONTROL SYSTEMS.,
46273,2-s2.0-85076701848,A review on the biomechanics of coronary arteries,
5081763,2-s2.0-85055821869,Pair Production in Chromoelectric Field with Back Reaction,
5159144644,2-s2.0-84876767622,Device intended for measurement of induced trapped charge in insulating materials under electron irradiation in a scanning electron microscope,
4470287246,2-s2.0-84994141738,Simulation and analysis of carbonate acidization with gelled and emulsified acids,
6528,2-s2.0-0029882805,Characterization of rat HSA/CD24 protein bearing the B lineage-restricted epitope recognized by M Ab HIS 50,
140370149,2-s2.0-84897734682,Design of an actuation system for a fatigue test rig,
9701789,2-s2.0-85118786924,Optimal volume selection of air vessels in long-distance water supply systems,
4022436267,2-s2.0-84892384330,Loss of progesterone receptor-mediated actions induce preterm cellular and structural remodeling of the cervix and premature birth,
463861,2-s2.0-77956630490,"Dynamic modeling of construction and demolition waste management processes: An empirical study in Shenzhen, China",
996180639,2-s2.0-85133881250,Removal of Mercury in Aqueous Solutions Using Tri n-Butyl Phosphate-Based Polymer Inclusion Membrane,
764565,2-s2.0-84870062744,Effect of wastewater colloids on membrane removal of antibiotic resistance genes,
25452045,2-s2.0-0347728083,Electron transfer in reactions of positronium ions in liquids,
39290829,2-s2.0-85096495498,"The relationship between sleep, obesity, and metabolic health in adolescents: A review",
141418,2-s2.0-85203440434,METHODS FOR SOLVING THE PROBLEMS OF COMPLETING OPERATIONS IN COMPUTER AIDED DESIGN OF IN-LINE GARMENT PRODUCTION,
24250,2-s2.0-105021520854,Comparative Environmental Insights into Additive Manufacturing in Sand Casting and Investment Casting: Pathways to Net-Zero Manufacturing,
62851,2-s2.0-85215871236,Decentralized Frequency Regulation by Using Novel PID Sliding Mode Structure in Multi-Area Power Systems with Hydropower Turbines,
13349897,2-s2.0-84874037330,Leaks & holes,
3367784,2-s2.0-85099195141,Association between normalized lactate load and mortality in patients with septic shock: an analysis of the MIMIC-III database,
19565,2-s2.0-105042249150,Dynamic Response of Single-storey Cold-formed Thin-walled Steel House Skeleton Under Impact Loading,
3350,2-s2.0-105036826209,Research and application of the impact of distributed photovoltaic power supply access on distribution network automation technology,
38200761,2-s2.0-85150489281,Two stage compound diffusion mechanism and pressure space-time distribution mode of synchronous grouting for large cross-section special-shaped shield,
69957953,2-s2.0-85102129997,Transiting Target Value Based Path following Control of Unmanned Surface Vessel,
81114,2-s2.0-85050340709,Research on unsigned intersection control method based on cooperative vehicle infrastructure system,
12670,2-s2.0-85082354675,Research of the technology for the production of modified sulfur bituminous binders,
7898864,2-s2.0-85077451989,Technology development of electric vehicles: A review,
134527742,2-s2.0-84897621211,A passivity-based model-free force-motion control of underwater vehicle-manipulator systems,
67550,2-s2.0-105044600786,Limited contribution of incoherent energy to detectable planetary radar sounding echoes,
7860,2-s2.0-0032628311,Interfacial studies of crosslinked urethanes: Part III. Structure-property relationships in polyester waterborne polyurethanes,
4510542314,2-s2.0-0033128872,Practical Aspects of Birdcage Coils,
5295,2-s2.0-68649124554,Breakthrough Corrosion inhibitor technology for heavily fouled systems,
82594,2-s2.0-0024527279,Sample preparation and aging effects on the dissolution rate and surface composition of diopside,
86719,2-s2.0-105016819173,Robust Power Decoupling Controller Design for Grid-Forming Inverters,
2105,2-s2.0-85142441971,Sustainable Recycling of Waste from Nitrile Gloves: Prolonging the Life Span by Designing Proper Curing Systems,
69153,2-s2.0-84967110175,Analysing threats in cloud storage,
13708,2-s2.0-85089705487,"SARS-CoV-2 controlled human infection models: Ethics, challenge agent production and regulatory issues",
31497316,2-s2.0-105038971804,Maximizing efficiency of chili and cherry tomato nutritional and structural properties via differential watering and microclimates management,
277161793,2-s2.0-85111559880,Enhanced dispersion of lignin in pet polyols for improved thermal insulation of polyurethane foams,
6115713,2-s2.0-105033469912,Energy-Aware Service Mesh Deployment and Online Request Routing in Edge: A Hierarchical Deep Reinforcement Learning Approach,
5396,2-s2.0-33747085287,Agent-based simulation of open source evolution,
69806,2-s2.0-0042659411,Warm ischemia lung protection with pinacidil: An ATP regulated potassium channel opener,
773066936,2-s2.0-33845273317,SNCB learns to live apart together,
6399,2-s2.0-85124126228,"Toxicity, Deterrent and Repellent Activities of Four Essential Oils on Aphis punicae (Hemiptera: Aphididae)",
10902,2-s2.0-84861353602,"GNSS threats and aviation, mitigation techniques, alternatives and regulation",
4418679171,2-s2.0-105026923467,Difficult IV Access (DIVA): Strategies and Solutions for Insertion Success Position Paper,
547815831,2-s2.0-85213250968,"Microorganism Strains, Environmentally Friendly and Biological Preparations Against Meloidogyne hapla Chitwood, 1949 and Their Impact on Fruit Quality and Tomato Crop Structure",
1004943007,2-s2.0-85105011701,A Review on Additive Manufacturing of Titanium Alloys for Aerospace Applications: Directed Energy Deposition and Beyond Ti-6Al-4V,
3830890172,2-s2.0-105010594124,"Transformative Applications of Polymer-Based Metal Oxide Nanocomposites in Medicine, Industry, and Environmental Remediation: A Review",
75516,2-s2.0-85050953818,Differences in Body Composition in Older People from Two Regions of Mexico: Implications for Diagnoses of Sarcopenia and Sarcopenic Obesity,
9120048,2-s2.0-84971229231,Usefulness of Quasi-Ll norm-based non-negative matrix factorization algorithm to estimate background signal using environmental electromagnetic field measurements at ELF band,
1492500,2-s2.0-0029002128,Distinguishing Depressed From Nondepressed Individuals Using Energy and Psychosocial Variables,
60945,2-s2.0-85032799291,Distributed relay assignment and power allocation for full-duplex two-way relaying in wireless sensor networks,
3256496325,2-s2.0-84865630158,Synthesis of isocyanate-based brush block copolymers and their rapid self-assembly to infrared-reflecting photonic crystals,
93657,2-s2.0-0027990596,Prediction of recurrent bleeding after endoscopic haemostasis in non‐variceal upper gastrointestinal haemorrhage,
88843,2-s2.0-85041972187,ISOLATION AND CHEMICAL IDENTIFICATION OF TOXIC COMPONENTS OF KRAFT MILL WASTES.,
867964,2-s2.0-42549127285,Introduction of wind power generation into the first course in power systems,
4815236340,2-s2.0-85168864734,Write-Light Cache for Energy Harvesting Systems,
19958,2-s2.0-85152541482,IEC-FOF: An Industrial Electricity Consumption Forecasting and Optimization Framework,
4847077056,2-s2.0-84555170239,Optimized fuzzy control algorithm in integration of energy storage in distribution grids,
5836943,2-s2.0-27644492976,Neural-risk assessment system for construction projects,
75714,2-s2.0-85009962759,An enhanced microgrid power sharing strategy based on multiple second order generalized integrators harmonic detection and adaptive virtual impedance,
35116,2-s2.0-85069339923,PERFORMANCE VERSUS COST TRADEOFFS - INITIAL LOOK AT ALTERNATIVES.,
7330,2-s2.0-85087090500,Fog prediction using artificial intelligence: A case study in Wamena Airport,
3633761545,2-s2.0-77953261800,Coinductive logic programming with negation,
4391870902,2-s2.0-84901987213,Adaptive optimal design of active thermoelectric windows using surrogate modeling,
466742,2-s2.0-85072413633,Standardization in aerospace plating and coating,
53775159,2-s2.0-105034160441,Evaluation of Measurement Uncertainty for Vertical Elevation Angle of Wind Direction of Three-dimensional Positive-definite Ultrasonic Anemometer,
750078414,2-s2.0-0026982473,Computer-based control system for gas tungsten arc welding,
22798589,2-s2.0-0042890430,Molecular genetic and potential biochemical characteristics of patients with T-protein deficiency as a cause of glycine encephalopathy (NKH),
1780522,2-s2.0-15944369314,Geographical pattern of genetic variation in the Robertsonian system of Mus musculus domesticus in central Italy,
457538036,2-s2.0-85069519708,"Ecological footprint, urbanization, and energy consumption in South Africa: including the excluded",
2685300695,2-s2.0-85096570152,Attenuation characteristics of coal fissure induced by gas-water two-phase drive,
1559160709,2-s2.0-105008880869,Coastal resilience could be enhanced by co-interventions and synergistic Nature-based Solutions,
5034420066,2-s2.0-84903394154,"Competitive sorption of Cu(II) and Ni(II) ions from aqueous solutions: Kinetics, thermodynamics and desorption studies",
178607,2-s2.0-84977117356,Atmosphere effects on sonar sensor model for UAS applications,
651032440,2-s2.0-35548972460,Novelis wins sheet contract for buick enclave aluminum hood,
772673830,2-s2.0-85181709139,Influence of Sedentary Behavior and Smartphone Use on the Risk of Generalized Anxiety Disorder among Adolescents,
3922273101,2-s2.0-84856511469,Superior performance of multi-wall carbon nanotubes as support of Pt-based catalysts for the preferential CO oxidation: Effect of ceria addition,
33388,2-s2.0-0033645199,SVC light: A powerful means for dynamic voltage and power quality control in industry and distribution,
9832046,2-s2.0-105042367674,How far is too far? a nonlinear analysis of waste facility accessibility and sorting behavior,
4042029,2-s2.0-85203547790,Ultrasound-assisted dispersive micro solid phase extraction of maneb in water and food samples with new hybrid block copolymer material prior to micro-spectrophotometric analysis,
49649170,2-s2.0-14544286401,"Characterization of waste rock associated with acid drainage at the Penn Mine, California, by ground-based visible to short-wave infrared reflectance spectroscopy assisted by digital mapping",
218456556,2-s2.0-84979642480,The meiotic transcriptome architecture of plants,
8573437,2-s2.0-84897903133,Laser-micro-engraving method to modify frequency difference of two-frequency HeNe lasers,
386603404,2-s2.0-85105659240,Dynamics of immobility: Capability conversion among aspiring migrants in Pakistan,
3906,2-s2.0-85208470754,Power Quality Improvement in Grid-Connected PV System with ANN-Based Control Scheme,
102934003,2-s2.0-85064216366,Suppression of chaotic vibrations in suspension system of vehicle dynamics using chattering-free optimal sliding mode control,
4266914,2-s2.0-85072488350,Performance improvement of diesel particulate filter by layer coating,
99831353,2-s2.0-85077994673,Low-level dissolved organic carbon subsidies drive a trophic upsurge in a boreal stream,
1320,2-s2.0-84907396268,Non-Cooperative Feedback Control Game for Secondary Transmitter in Cognitive Radio Network,
670731408,2-s2.0-85029440250,Adaptive auto-scaling for virtual resources in software-defined infrastructure,
2645087443,2-s2.0-85192567188,Mapping to IEC 61508 the hardware safety integrity of elements developed to ISO 26262,
14098,2-s2.0-0024513411,Stability testing of pharmaceuticals by high-sensitivity isothermal calorimetry at 25°C: cephalosporins in the solid and aqueous solution states,
146206720,2-s2.0-85176789217,"Corporate Social Responsibility, Environmental Emissions and Time-Consistent Taxation",
5363567,2-s2.0-85132139711,Analysis of Impact of COVID-19 and Other Occupational Infectious Diseases on Construction of Transportation Projects,
65034391,2-s2.0-85175678584,Rutgers Cancer Institute of New Jersey’s Community Outreach and Engagement Approach to Cancer Prevention,
1822,2-s2.0-84958716273,Auditor industry specialization,
3684068823,2-s2.0-84903188971,The Effect of an Active Transport to School Intervention at a Suburban Elementary School,
788190,2-s2.0-85186230246,TREATMENT OF OUT-OF-CONTEXT BUILDINGS DURING THE RESTORATION OF HISTORICAL TERRITORIES USING GREEN STRUCTURES,
531067,2-s2.0-0347087571,Deregulation of the IGF axis in cancer: Epidemiological evidence and potential therapeutic interventions,
6974810,2-s2.0-84873820649,Theory of impurity induced step pinning and recovery in crystal growth from solutions,
4293,2-s2.0-77950896739,NADPH oxidases: Functions and pathologies in the vasculature,
828233,2-s2.0-105020778512,Data-Driven Temperature Control Strategy for Data Centers Based on Multi-Layer Perceptron Model,
93826,2-s2.0-84943279803,Extension of the Eddy Dissipation Concept for turbulence/chemistry interactions to MILD combustion,
7193,2-s2.0-85194172023,Nonparametric Modelling of Ship Dynamics Using Puma Optimizer Algorithm-Optimized Twin Support Vector Regression,
644232,2-s2.0-85049168811,"A ""scale-up"" swiss-roll combustor and its application in waste gas incineration",
11907246,2-s2.0-0030114414,On the transition from power-law creep to diffusional creep,
1964599,2-s2.0-85088529703,Adaptive-Passive Multiple Tuned Mass Damper on Large-Span Floor Structure,
411704294,2-s2.0-85131597417,ARE CONSTITUTIONAL RIGHTS ENOUGH? AN EMPIRICAL ASSESSMENT OF RACIAL BIAS IN POLICE STOPS,
623799,2-s2.0-0000677856,Frying under Low Oxygen Atmosphere Retards the Oxidative Deterioration of Oils and Foods,
63864,2-s2.0-85149810244,Modeling of Frequency Security Constraints and Quantification of Frequency Control Reserve Capacities for Unit Commitment,
2132982,2-s2.0-0028090918,Distributed substation control-system with PC based local control,
385941,2-s2.0-85141010878,Innovative city pilot policyand the knowledge flow of urban industry - university - research - Spatial difference - in - difference analysis based on Yangtze River Delta urban agglomeration,
72282,2-s2.0-79551678754,Monitoring and adaptive control of CO2 laser flame cutting,
6102,2-s2.0-84897427544,"Assessment of atmospheric trace metals in the western bushveld igneous complex, South Africa",
89965823,2-s2.0-85091756061,The accuracy of force fields on the simulation of intrinsically disordered proteins: A benchmark test on the human p53 tumor suppressor,
15452,2-s2.0-85014493088,Contributing Meaning to Research in Developmental Disabilities: Integrating Participatory Action and Methodological Rigor,
58897781,2-s2.0-86000138540,Pilot protection for new energy access to power grid based on generalized S transform and Pearson correlation coefficient,
258457702,2-s2.0-0023415739,DESIGN VERIFICATION OF SIFT.,
983524,2-s2.0-79952751579,Revealing biological information using data structuring and automated learning,
36547622,2-s2.0-84939227048,Acousto-Optic Tunable Filters (AOTFs) Optimised for Operation in the 2-4μm region,
1467771,2-s2.0-105007242079,Detection and prediction of slope stability in unsaturated finite slopes using interpretable machine learning,
2264083774,2-s2.0-105010437708,Deciphering the stability of two-dimensional III-V semiconductors: Building blocks and their versatile assembly,
77084814,2-s2.0-76549083914,"Metabolomic, transcriptional, hormonal, and signaling cross-talk in superroot2",
3098,2-s2.0-50449123222,Dienoic acid contents of rats with linoleic acid and pyridoxine deficiencies,
27353596,2-s2.0-2942596339,"Effects of the application of drill cuttings and recovered oily sands on Caribbean pines, Anzoátegui State, Northeastern Venezuela",
2123,2-s2.0-85098650800,Automated engineering of synthetic metabolic pathways for efficient biomanufacturing,
715425485,2-s2.0-85124400518,Authenticity Discrimination and Analysis of Urban Air Pollution Data,
305249,2-s2.0-105040598803,"Synergistic effect of hydrogen, helium and displacement damage on cavity evolution in pure Fe and CLF-1 steel under multiple beams irradiation",
7544286,2-s2.0-85199263728,Evaluation of a Biodegradable and Sprayable Mulch Material for Weed Control in Vineyards and Orchards,
67167,2-s2.0-105016314296,INNOVATIVE ENERGY LABORATORY DESIGN FOR HYBRID POWER SYSTEMS RESEARCH AND EDUCATION,
58771,2-s2.0-85216335251,Sensing Voltage at Electrically Floating Nodes: A Path Toward Enhancing Performance and Robustness in Capacitive MEMS Resonators,
5129624159,2-s2.0-84866791048,Application of IR digital controller IRMCF143 in photovoltaic inverter system,
113472854,2-s2.0-0029700119,Three-phase active power filter for harmonic and reactive power compensation,
6263000,2-s2.0-79251589332,A regression approach to infer electricity consumption of legacy telecom equipment,
688337369,2-s2.0-84962463320,Adaptive DC-Link Voltage Control of Two-Stage Photovoltaic Inverter during Low Voltage Ride-Through Operation,
8456864,2-s2.0-85121342658,Low Power Visual Odometry Technology Based on Monocular Depth Estimation,
62754,2-s2.0-84922949827,Energy management and driving strategy for in-wheel motor electric ground vehicles with terrain profile preview,
452215388,2-s2.0-85018213083,Traffic light regulation calculation using fuzzy inference,
415791,2-s2.0-85138513893,CO2 responsive expansion hydrogels with programmable swelling for in-depth CO2 conformance control in porous media,
5179315,2-s2.0-105001740748,Post-wildfire wind and water erosion could accelerate toxic metals and nutrients movements on subtropical karst hillslopes,
55536,2-s2.0-84906696529,Controlling interfacial film formation in mixed Polymer-surfactant systems by changing the vapor phase,
2959,2-s2.0-84871890863,Spatial distribution of heavy metals in roadside soils based on Kriging interpolation: A case study of Zhengzhou-Kaifeng section along the 310th national highway,
572219,2-s2.0-26044452702,Handwritten numeral string recognition: Effects of character normalization and feature extraction,
799445,2-s2.0-85089579349,Risk identification and modeling for blockchain-enabled container shipping,
1980349969,2-s2.0-85031320124,Comparative chemometric analysis for classification of acids and bases via a colorimetric sensor array,
7650145,2-s2.0-85133000645,Energy-Efficient Two-Phase Locking Protocol by Omitting Meaningless Read and Write Methods,
1015458024,2-s2.0-85117964367,Reducing health & environmental impacts of chemical warfare agents: Computational chemistry contributions,
71906509,2-s2.0-105011280903,Environmental Press in Older Adults From the Perspective of Gerontological Nursing: A Concept Analysis,
58837504,2-s2.0-85196294633,Research on machine learning forecasting and early warning model for rainfall-induced landslides in Yunnan province,
15258999,2-s2.0-85112238493,Effect of nitromethane on fuel/air explosion characteristics under different ambient conditions,
29396287,2-s2.0-84957374320,Online detection and control of pulp concentration,
31396,2-s2.0-1642370647,Nonlinear Adaptive and Sliding Mode Flight Path Control of F/A-18 Model,
694437515,2-s2.0-0036206344,Lessons learnt at ICA2001,
6690538,2-s2.0-2942621880,Process control system of the Mutnovskaya geothermal power plant,
30856,2-s2.0-84897465403,No praise without effort: Experimental evidence on how rewards affect Wikipedia's contributor community,
5067908921,2-s2.0-84863156314,Environmental Factors Affect Magnetite Magnetosome Synthesis in Magnetospirillum magneticum AMB-1: Implications for Biologically Controlled Mineralization,
4149,2-s2.0-20844454723,Self-recovery experiments in extreme environments using a field programmable transistor array,
111569,2-s2.0-85146245531,A Green Innovative Sports Bike Based on an Induction Generator with a Nonlinear Controller,
3766037298,2-s2.0-85072428376,Study of measured and model based generated turbine performance maps within a 1D model of a heavy-duty diesel engine operated during transient conditions,
549819484,2-s2.0-84879510641,Endogenous Determinants for Renegotiating Concessions: Evidence from Local Infrastructure,
495584,2-s2.0-4444293292,Experimental study of under-floor electric heating system with shape-stabilized PCM plates,
640188708,2-s2.0-85038954019,Effects of fast mold temperature evolution on micro features replication quality during injection molding,
57527,2-s2.0-84860217895,Chronic sympathetic attenuation and energy metabolism in autonomic failure,
30489581,2-s2.0-85122683280,Environmental diversity as a reliable surrogacy strategy of marine biodiversity: A case study of marine mammals,
1033046614,2-s2.0-27744438827,Comparison between theoretical model and experimental calibrations and its inference for track formation in bubble detectors,
645209,2-s2.0-84961744737,"Physiological, anatomical and metabolic implications of salt tolerance in the halophyte Salvadora persica under hydroponic culture condition",
984863,2-s2.0-105021211742,Dynamic Characteristics Analysis and Active Disturbance Rejection Control of Hydrogen Blended Gas Turbine,
58955635,2-s2.0-85137725840,Robust Control of an Off-Road Single-Wheel Module Using Sliding Mode Control and Fuzzy Logic Control,
76361727,2-s2.0-85144398631,"Responding to coercive control in criminal justice domestic violence perpetrator programmes in England and Wales: Conceptual, operational, and methodological complexities",
4281,2-s2.0-105033306881,Sustainable Urban Mobility: Adaptive Traffic Control Systems Using AI and V2X Communication,
3454450454,2-s2.0-70449720975,Rebel voices and radio actors: In pursuit of dialogue and debate in northern Uganda,
682266,2-s2.0-0023611992,Screening loblolly pine seedling responses to SO2 and O3: Analysis of families differing in resistance to fusiform rust disease,
1654587880,2-s2.0-77954250488,Compact antenna array with port decoupling for LTE-standardized mobile phones,
7700733,2-s2.0-0016880801,Drop Formation at Sieve Plate Distributor,
794377,2-s2.0-105044590001,Surface-resolved mechanisms of heat-transfer enhancement in flow boiling in a rectangular microchannel using a volume-of-fluid model with a variable evaporation coefficient and Cox–Voinov dynamic contact angle,
3058759,2-s2.0-105012400650,Greater than 5 mm soil mechanical stability aggregates reduce carbon dioxide emissions after application of different proportions of manure and chemical fertilisers under equal nitrogen conditions,
9147,2-s2.0-50849146271,New avenues in cobalt-60 production at Ontario hydro,
28170560,2-s2.0-0016946724,Motility in normal and filamentous forms of Rhodospirillum rubrum.,
60317,2-s2.0-85094972001,A novel multiscale neutron-diffraction-based experimental approach for granular media,
29093863,2-s2.0-85128676116,Arduino Line Follower Using Fuzzy Logic Control,
61352,2-s2.0-85144538666,A 60-Day Green Tea Extract Supplementation Counteracts the Dysfunction of Adipose Tissue in Overweight Post-Menopausal and Class I Obese Women,
883639,2-s2.0-85216990875,Neutronic analysis of a lithium-cooled space nuclear reactor based on sliding reflector design,
365981262,2-s2.0-105044799172,Public health consequences of global climate change. A narrative review,
1302,2-s2.0-0029389352,New developments in indexable cutting tool inserts,
522793617,2-s2.0-85013481331,Energetic assessment of two solar cooling systems in Piura using the TRNSYS software,
689551862,2-s2.0-84976468660,A high performance permanent magnet synchronous motor servo system using predictive functional control and Kalman filter,
67722,2-s2.0-105036929324,Urban traffic management,
34583,2-s2.0-85028458079,High-altitude wind resources in the Middle East,
7919,2-s2.0-85034218127,Roundabout travel time prediction based on characteristics of lane choosing,
369542020,2-s2.0-105007326952,Research progress of mitochondrial dysfunction in sepsis,
628115,2-s2.0-73749088609,An experimental investigation of the gain spectrum of erbium-doped fiber amplifiers under various system configurations,
882087,2-s2.0-79960911740,Integration of cross-layer web-based service-oriented architecture and collaborative automation technologies: The SOCRADES approach,
18372344,2-s2.0-0026236863,Pretreatment standards: categorical regulations on the horizon.,
2104,2-s2.0-79952051808,The Marjal Pego-Oliva: Temporal dynamics of the macroalgae flora,
10610,2-s2.0-84884146085,"BTNL8, a butyrophilin-like molecule that costimulates the primary immune response",
3419039617,2-s2.0-70349454027,Application of the RASCAN holographic radar to cultural heritage inspections,
21008591,2-s2.0-57849121171,Thermoelectric properties of highly textured Ni-substituted NaxCoO2 ceramics,
949154682,2-s2.0-85136023542,Modeling the effects of ecosystem changes on seagrass wrack valorization: Merging system dynamics with life cycle assessment,
75479,2-s2.0-105041436079,Multiobjective Optimization of Residential Rain Garden Siting Using ArcGIS Suitability Modeling and NSGA-II Algorithm,
781312410,2-s2.0-85198989518,The transition between the collision-dominated and ballistic electron transport regimes as the device length is reduced: A continuum analysis,
33713866,2-s2.0-17644373426,Study of self-organizing control of traffic signals in an urban network based on cellular automata,
642707,2-s2.0-85189816082,Teacher Shortages: A Framework for Understanding and Predicting Vacancies,
5178221053,2-s2.0-105025690804,The Window Frames in Mediaeval Novgorod Architecture of the Mid 11th — First Half of the 13th Centuries: The Constructive and Artistic Aspects*,
380217,2-s2.0-85077289720,Asthma and Indoor Environment: Usefulness of a Global Allergen Avoidance Method on Asthma Control and Exposure to Molds,
60592247,2-s2.0-105034962250,Electronic-state-resolved master equation study of energy transfer and electron-impact chemical kinetics in the nitrogen system,
5129038,2-s2.0-85201931570,To Fuse or Not to Fuse: Measuring Consistency in Multi-sensor Fusion for Aerial Robots,
3880073,2-s2.0-105026505828,"Co-Design of Control, Energy, and Buffer with Delay Determinism for Consumer Electronics in Industry 5.0",
24541012,2-s2.0-84960643616,Some preliminary findings on the value of granular nematocides for improving banana production in the windward islands,
3746229172,2-s2.0-85052876766,Sphingosine Kinases promote IL-17 expression in human T lymphocytes,
93521546,2-s2.0-84902240760,"Characterization of concentration, particle size distribution, and contributing factors to ambient hexavalent chromium in an area with multiple emission sources",
4995104,2-s2.0-84903435017,Improving wind power forecasts by a post-processing scheme using spatial-temporal forecast error propagation - The importance of the appropriate selection of wind direction regime,
67028,2-s2.0-85145488394,Research and Application Progress of Wet-Phase Modified Expandable Graphite as a Steam Plugging Agent in Heavy Oil Reservoirs,
2839835888,2-s2.0-85058350991,DRIFT study of the mechanism of methanol synthesis from CO2 and H2 on CeO2-supported CaPdZn catalyst,
55385351,2-s2.0-85123980663,Review on test methods of aerodynamic brake for high-speed train,
78566,2-s2.0-85061783974,Surface functional groups of carbon-based adsorbents and their roles in the removal of heavy metals from aqueous solutions: A critical review,
891455,2-s2.0-85153901518,Aerosol impacts on atmospheric and precipitation chemistry,
58186268,2-s2.0-0016219328,Etude par spectroscopie infrarouge de la transformation hélice–chaîne statistique des polypeptides. II. Etude de l'interaction de quelques polypeptides à chaînes latérales polaires avec l'acide trifluoracétique,
3266506578,2-s2.0-85028916077,An Empirical Study on the Impact of an IDE Tool Support in the Pair and Solo Programming,
539294601,2-s2.0-0032921531,Seasonal polyphenism in Bicyclus (Lepidoptera: Satyridae) butterflies: Different climates need different cues,
1832044,2-s2.0-18944400064,Robust maneuvering control design of an aircraft via dynamic inversion and μ-synthesis,
8294,2-s2.0-84931295455,Smart Grid as a Service: A Discussion on Design Issues,
5568899,2-s2.0-34249068308,Method for the CO2 laser beam wavefront control,
2288534789,2-s2.0-84995554211,Thermochromic multilayer films of WO3/VO2/WO3 sandwich structure with enhanced luminous transmittance and durability,
42150,2-s2.0-85181576190,Public Acceptance of Carbon Tax Implementation: A Nationwide Empirical Study in Malaysia,
42789607,2-s2.0-85122235555,Optimal Magnetic Graphite Heater Design for Impurity Control in Single-Crystal Si Grower Using Crystal Growth Simulation,
886845,2-s2.0-84954510871,ICT for cargo on the road value added services to a road user charging system,
2159373910,2-s2.0-84945124507,Cyber Security in Liquid Petroleum Pipelines,
752715061,2-s2.0-70349690079,Competitive scheduling of packets with hard deadlines in a finite capacity queue,
5191913475,2-s2.0-0028003259,Major problems with the design of Three Gorges,
20125,2-s2.0-76249088729,ROS-dependent signaling mechanisms for hypoxic Ca2+ responses in pulmonary artery myocytes,
448314611,2-s2.0-105040182527,Research on Intelligent Identification Methods for Risk Factors at Mechanized Construction Sites,
7960047,2-s2.0-79956347178,Evaluating the forecasting performance of econometric models of air passenger traffic flows using multiple error measures,
24151,2-s2.0-84872003383,A robust feature selection method for novel pre-microRNA identification using a combination of nucleotide-structure triplets,
53288,2-s2.0-85001833327,Quantifying the impact of PEV charging loads on the reliability performance of generation systems,
92870471,2-s2.0-5044226151,Design issues and performance analysis of CDMA multi-beam satellites,
9274,2-s2.0-0027330753,An economic assessment of the production and release of marine fish fingerlings for sea ranching,
1920569,2-s2.0-0025413952,Sorption of solvents in plastics and solvent desorption and retention,
669076615,2-s2.0-84870493792,Wind power in Italy from the late 1970s to the present,
98688735,2-s2.0-0023945045,Enhanced Activity of Murine Peritoneal Cells After Aclacinomycin Injection: Characteristics of the Enhanced Respiratory Burst,
744966862,2-s2.0-85201860708,"Phillyrin and its metabolites exert antipyretic effects by targeting the NAD+ binding domain of GAPDH, MDH2 and IDH2",
394505631,2-s2.0-85127317603,Accessibility in sustainability transitions: U.S. electric utilities’ deployment of solar,
8216,2-s2.0-77649091640,Poverty and chronic illness in early childhood: A comparison between the United Kingdom and Quebec,
658973,2-s2.0-105042112579,Batteryless soft-contact bistable magnetically toggling energy-harvesting sliding switch for wireless IoT devices,
539279,2-s2.0-105001027883,"Integrated process design, techno-economic and environmental analysis of chokeberry pomace biorefineries: Phenolic compounds extraction with ethanol or energy production?",
56918,2-s2.0-16744367118,"COMBUSTION CHAMBER FOR HIGH EFFICIENCY, LOW EMISSIONS AND WIDE FUEL TOLERANCE.",
345341810,2-s2.0-105005594936,"Uranium removal from radioactive wastewater using biochar-based adsorbents: A review on synthesis, performance, and mechanism",
2436392793,2-s2.0-85115649370,Improving the robustness of the MTI-estimated mining-induced 3D time-series displacements with a logistic model,
122918561,2-s2.0-85168356804,Experimental study on the bearing property of the composite foundation with stiffened deep cement mixing pile based on the PHC pile,
1530770,2-s2.0-85188029150,Space-Vector D-STATCOM System for Power Quality Correction in Distribution Network,
927268235,2-s2.0-105002376996,A Framework for Identifying Underspecification in Image Classification Pipeline Using Post-Hoc Analyzer,
1902909385,2-s2.0-85213379499,Proposal of Elevator Control System Applying Ant Colony Optimization,
98156,2-s2.0-85146227205,Two-Level Decentralized-Centralized Control of Distributed Energy Resources in Grid-Interactive Efficient Buildings,
8665,2-s2.0-85159312896,Predefined-time prescribed performance control for AUV with improved performance function and error transformation,
40929552,2-s2.0-84890843553,Control strategy of DCT shift based on engine with negative torque,
1076187956,2-s2.0-84861220834,Enhanced response characteristics of SnO 2 thin film based sensors loaded with Pd clusters for methane detection,
4761877085,2-s2.0-85053462059,Evaluation of turbidity and resedimentation through seafloor disturbance experiments for assessment of environmental impacts associated with exploitation of seafloor massive sulfides mining,
223519414,2-s2.0-84921443005,"Retraction notice to ""Effect of oil prices on trade balance: New insights into the cointegration relationship from Pakistan"" [Econ. Model. 29 (2012) 2125-2143]",
632098797,2-s2.0-85021830238,Cry1Ac-mediated resistance to tomato leaf miner (Tuta absoluta) in tomato,
306484,2-s2.0-105012859083,Enhanced unified grid-forming control and hierarchical stability assessment for MMC to interlink asynchronous AC grids,
717135543,2-s2.0-84934302035,Bio-inspired control research of a novel lower extremity exoskeleton with a series-parallel mechanism,
3402184,2-s2.0-85124159781,Hierarchical Multi-Building And Multi-Floor Indoor Localization Based On Recurrent Neural Networks,
56474,2-s2.0-105036276150,Does ESG transparency strengthen carbon risk pricing? Evidence from U.S. capital markets,
176245,2-s2.0-85073110938,Design of a high-gain silicon BJT and an E-pHEMT hybrid matrix amplifier with an optimum filter-matching technique,
2779882511,2-s2.0-84870258588,Adaptive decentralised control of parallel DC-DC converter systems,
4069,2-s2.0-105005824597,RESULTS OF THE PROJECT ‘PURIFICATION AND PURITY CONTROL OF CO2 GAS IN POWER CYCLES - CICIME’,
8108586,2-s2.0-0031430876,"Rural industrialization as development strategy: cooperation and conflict in co-op, commune and household in Oaxaca, Mexico",
9079348,2-s2.0-84927786193,Feasibility and practical considerations for heating and humidifying gases during newborn stabilisation: An in vitro model,
3470,2-s2.0-85046939183,Merging control of a hybrid energy storage system using battery/supercapacitor for electric vehicle application,
7258,2-s2.0-85063083441,Assessment of ecological awareness based on the quantity of waste obtained in the national park,
3538,2-s2.0-85162617948,Enhanced H2S biogenesis followed by its postharvest application retarded senescence development by promoting multiple antioxidant protection systems in button mushroom during cold storage,
2571356496,2-s2.0-38749118622,Modeling of rotary screw fluid dispensing processes,
574489,2-s2.0-85045710630,Selection of flowering plants to enhance the biological control of Tuta absoluta using parasitoids,
3385844540,2-s2.0-0027853394,"Development of a wind turbine systems dynamics model using the Automatic Dynamic Analysis of Mechanical Systems (ADAMS) software, Part II: Results",
371565485,2-s2.0-85189990475,Greenhouse gases mitigation: Global externalities and short-termism,
3803120594,2-s2.0-84871681821,The construction industries indeveloping countries: Strategic review of the book,
807766,2-s2.0-105027782771,Assessment of the Environmental Health and Safety Status of Schools as a Critical Factor to Sustainable Development,
1934302418,2-s2.0-84879964031,High energy emittance measurement at SPARC,
74511,2-s2.0-85036451604,Modeling and Inner-Outer Decoupling of Dual-Rotor Machines for Continuous Variable Transmission Systems,
485062082,2-s2.0-105029830810,Automated ICRF heating surrogate modeling via machine learning,
2827498926,2-s2.0-85171175978,Public acceptability and its determinants of unit pricing for municipal solid waste disposal: Evidence from a household survey in Beijing,
60187,2-s2.0-79951799434,A standardized comparison of commercially available prion decontamination reagents using the Standard Steel-Binding Assay,
628271406,2-s2.0-67649752351,Erythrocyte and reticulocyte indices in iron deficiency in chronic kidney disease: Comparison of two methods,
369444,2-s2.0-85098914188,J/ψ production in hadron scattering: Three-pomeron contribution,
283190536,2-s2.0-85040626327,An ECMS-based powertrain control of a parallel hybrid electric forklift,
2891,2-s2.0-0035358680,Transportation user fees in the United States,
9110591,2-s2.0-84877965362,The study of combined control strategies for active power filter,
2464207870,2-s2.0-0019676008,FLYING QUALITIES CRITERIA AND FLIGHT CONTROL DESIGN.,
80002525,2-s2.0-85095982289,Deformation and failure of a high-steep slope induced by multi-layer coal mining,
733995959,2-s2.0-105045366454,Digital Transformation and Environmental Disclosure: A Technology Affordance Perspective,
3373807248,2-s2.0-85079383095,Drying characteristics of faecal sludge from different on-site sanitation facilities,
1479374,2-s2.0-85200571903,Managing Hybrid Manufacturing/Remanufacturing Inventory Systems With Random Production Capacities,
57096238,2-s2.0-84975742252,BELBIC control of DSTATCOM for voltage regulation,
523971,2-s2.0-85092634583,River management and environmental water allocation in regulated ecosystems of arid and semi-arid regions – a review,
1951,2-s2.0-0029453907,Operation of a 32GHz pulsed gyrotron,
655378,2-s2.0-38349075211,"Anti-inflammatory effects of HO-1 activity in vascular endothelial cells, commentary on ""Carbon monoxide donors or heme oxygenase (HO-1) overexpression blocks interleukin-18-mediated NF-κB-PTEN-dependent human cardiac endothelial cell death""",
58635689,2-s2.0-83055196797,Detection and estimation translations of large images using random projections,
27413,2-s2.0-84983127733,Mission analysis of a low-cost re-entry test vehicle,
5773586,2-s2.0-85189289618,Network traffic grant classification based on 1DCNN-TCN-GRU hybrid model,
5530944,2-s2.0-0021147389,"Inhibition by a peri-Fluorine Atom of 1, 2-Dihydrodiol Formation as a Basis for the Lower Tumorigenicity of 12-Fluoro-5-methylchrysene than of 5-Methylchrysene",
641766015,2-s2.0-85064945192,Fine road dust contamination in a mining area presents a likely air pollution hotspot and threat to human health,
201826783,2-s2.0-85064108152,Integrated port emanagement and monitoring system using radio frequency identification,
89795,2-s2.0-84863027147,"What happens when government workers move to the suburbs? Impact on transport of planned decentralization of employment in Brisbane, Australia",
8949669,2-s2.0-3543111486,Cellular bases of activity dependent paralysis in Drosophila stress-sensitive mutants,
102251833,2-s2.0-85161624057,LOW-CARBON AGRICULTURAL DEVELOPMENT IN CHINA A Promising Cure for Global Warming,
290742,2-s2.0-85192233610,Adipose tissue rearrangement in cancer cachexia: The involvement of β3-adrenergic receptor associated pathways,
3388488,2-s2.0-85182141565,Self-Assembled Nanocarrier Delivery Systems for Bioactive Compounds,
5444,2-s2.0-85058872246,Natural and formal-legal aspect of the environmental impact assessment of the planned reclamation of mining damage in the szotkowka valley (Southern poland),
426510,2-s2.0-105036328209,Synchrophasor Data Anomaly Detection Using Unsupervised Transformer Autoencoder,
2738047738,2-s2.0-75949127424,Majorana fermions and non-abelian statistics in three dimensions,
24863918,2-s2.0-0033547316,Diffusion mechanisms in metallic supercooled liquids and glasses,
70065,2-s2.0-85181731864,Dimethyl Sulfide Emissions From a Peatland Result More From Organic Matter Degradation Than Sulfate Reduction,
5662,2-s2.0-0030843098,"Unequal partitioning of reproduction and investment between cooperating queens in the fire ant; Solenopsis invicta, as revealed by microsatellites",
9451775,2-s2.0-84956837251,Modeling the impact of tidal flows on the biological productivity of the Alboran Sea,
748966208,2-s2.0-85131432193,Liter-scale atmospheric water harvesting for dry climates driven by low temperature solar heat,
944210853,2-s2.0-85069518909,Encoderless predictive flux control of three-level npc converter-fed induction motor with smo,
2790638743,2-s2.0-85162809788,Research progress of bacteriophage control of Salmonella spp. biofilm,
67361530,2-s2.0-40049110045,Malaria surveillance counts,
4022840160,2-s2.0-85065676613,"Combined foliar applied nitrogen, potassium and magnesium improved yield, fiber quality and water use efficiency of cotton under water limited environment",
459083594,2-s2.0-85073152034,Temperature-sensitive cytoophidium assembly in Schizosaccharomyces pombe,
7905,2-s2.0-84861594242,Three-dimensional mapping of the sea ice underside from AUVs and applications to the offshore industry,
1361086,2-s2.0-85089965426,"A review on 2,6-diformyl-4-methylphenol derived schiff bases as fluorescent sensors",
37313479,2-s2.0-85125196590,A Fault Tolerant Method for Network Distributed Flight Control System based on Task Replication,
9372423,2-s2.0-31544474060,The effect of an 18-hour electrical power outage on an urban emergency medical services system,
8667,2-s2.0-3142643481,Partial replacement of corn grain by hydrogenated oil in grazing dairy cows in early lactation,
7166389,2-s2.0-85075321891,Universal switched state-space representation for model predictive control of power converters,
249408500,2-s2.0-85192731212,The Relevance of Surface Resistances on the Conductive Thermal Resistance of Lightweight Steel-Framed Walls: A Numerical Simulation Study,
82549,2-s2.0-85118791811,Cartilage conduction hearing and its clinical application,
527009,2-s2.0-0035366407,Stick-slip interface motion as a singular limit of the viscosity-capillarity model,
4186257987,2-s2.0-105000397860,Design of Voltage and Frequency Active Support Testing System for Grid Type Energy Storage Inverters Based on CloudPSS-RT and RT Lab Joint Real-Time Simulation Platform,
88110,2-s2.0-85112229788,MHD Thermal Convection of Nanofluid Saturated Porous Cavity Heated Linearly,
7397,2-s2.0-84863003262,Flight dynamics modeling of airframe/engine integrated near space vehicle in varying wind field,
154802,2-s2.0-85176104716,Standardized approach to extract candidate outcomes from literature for a standard outcome set: a case- and simulation study,
3046,2-s2.0-85219507768,Mechanisms of Situational Management Providing of Stability of Parameters of Unique Programmatic-Technical Means,
14215408,2-s2.0-84938650815,Necessity of meat-processing industry's wastewater treatment—a one-year trial in Serbia,
2483874114,2-s2.0-85120670883,Descriptive Analysis of Coronavirus Disease 2019 Air Medical Evacuations by Critical Care Air Transport Teams,
989397956,2-s2.0-85206120184,Effect of late diesel injection on close-coupled SCR + ASC during DPF regeneration period,
6639781,2-s2.0-105042038405,"Marine macroalgal metabolites in integrated mosquito-management: bioactivity, nanotechnology integration, and eco-sustainability",
695885499,2-s2.0-51249158775,Arresting nudes in second empire Paris,
29471833,2-s2.0-85113423470,Evaporation from boreal reservoirs: A comparison between eddy covariance observations and estimates relying on limited data,
477115,2-s2.0-85166936433,Total Organic Carbon Analysis Chip Based on Photocatalytic Reaction,
3685451,2-s2.0-85163805650,A knowledge-based NSGA-II algorithm for multi-objective hot rolling production scheduling under flexible time-of-use electricity pricing,
4779087549,2-s2.0-105036362148,Research on Multi Dimensional Comprehensive Evaluation System of Comprehensive Energy System Considering Cold Regions,
25175,2-s2.0-85066990939,Low-cost automatic device for obtaining the coefficient of static friction,
78292747,2-s2.0-84865115548,Immunological markers in allergic rhinitis patients treated with date palm immunotherapy,
65254431,2-s2.0-79958163697,Pedot modified electrodes in amperometric sensing for analysis of red wine samples,
3485043010,2-s2.0-85196529705,Research Progress of Indium Oxide-Based Gas Sensitive Materials,
666368,2-s2.0-84899635435,Design and behaviour of R.C. beams to ACI318-and-SBC304; and EC2 codes when subjected to asymmetric loading,
815892,2-s2.0-77951224969,Helix propensities calcualtions for amino acids in alanine based peptides using Jarzynski's equality,
3634236723,2-s2.0-105003010110,Robust Position Estimator for Sensorless Control of Traction Motor in Electric Vehicles,
60777,2-s2.0-85019020675,"Confined pyrolysis for simulating hydrocarbon generation from Jurassic coaly source rocks in the Junggar Basin, northwest China",
747902,2-s2.0-84938599255,A trusted third-party (TTP) based encryption scheme for ensuring data confidentiality in cloud environment,
24200431,2-s2.0-85111800421,Sequential coding patterns: How to use them effectively in code recommendation,
88884,2-s2.0-85216594011,On the Effect of TSN Forwarding Mechanisms on Best-Effort Traffic,
939028,2-s2.0-85006320616,Weight gain by gut microbiota manipulation in productive animals,
7370,2-s2.0-105032883956,Experimental Study of the Characteristics of Ion Concentration Changes during Water-rock Reaction and Its Implication to the Formation of Seismic Anomalies,
1919880686,2-s2.0-105017704876,A Fast Power Sharing Method for Wind Farms Participating in Primary Frequency Regulation,
8456,2-s2.0-85132929623,"Carbon fluxes and environmental interactions during legume development, with a specific focus on Pisum sativum",
289793,2-s2.0-85121457623,Mitigation in erosion control and management of ex-mining water through revegetation and sustainable environmental management technologies,
716577231,2-s2.0-84861217354,"Definitions, discourses and dilemmas: Policy and academic engagement with the sexualisation of popular culture",
16301,2-s2.0-84894631220,Efficient chemical fixation of CO2 promoted by a bifunctional Ag2WO4/Ph3P system,
8973,2-s2.0-0037353515,Dynamic traffic modelling and dynamic stochastic user equilibrium assignment for general road networks,
9293827,2-s2.0-85064434706,Cyclotron 99m Tc Production and Quality Control for Medical Applications,
41863,2-s2.0-84966322360,Thermal modeling of extreme heat flux microchannel coolers for GaN-on-SiC semiconductor devices,
325960116,2-s2.0-85173477620,JAMP: Controlled Japanese Temporal Inference Dataset for Evaluating Generalization Capacity of Language Models,
3446807605,2-s2.0-33747867763,Inferring the chemical mechanism from structures of enzymes,
845074,2-s2.0-84856949588,"Assessing the genotoxic potential of chlorothalonil drift from potato fields in Prince Edward Island, Canada",
7964976,2-s2.0-85130461741,Production characteristics of deep coalbed methane gas reservoirs in Daning-Jixian Block and its development technology countermeasures,
735227,2-s2.0-33745872606,Growth of potassium lithium niobate single crystal,
430109,2-s2.0-85012088622,Evidence for stabilization of the ice-cemented cryosphere in earlier martian history: Implications for the current abundance of groundwater at depth on Mars,
8053,2-s2.0-84872286917,Cascade PID control of desuperheating water system of supercritical power generation unit once-through boiler,
2981193010,2-s2.0-0025576338,Transient heat transfer into liquid helium under controlled heat generation,
4488168387,2-s2.0-85143551829,Towards integrating joint action research: Developmental and evolutionary perspectives on co-representation,
5036024275,2-s2.0-85028665350,Internet service differentiation using transport options: The case for policy-aware congestion control,
882840981,2-s2.0-105022470327,Direct conversion of hemicellulose in biomass to functional diformylxylose with a recyclable organic co-solvent,
330696,2-s2.0-105044297305,Scalable Dynamic Event-triggered Optimal Control for Nonlinear Systems via Integral Reinforcement Learning,
96797,2-s2.0-85056771437,Regional cooperation on carbon markets in east Asia,
14316963,2-s2.0-0020114093,TEMPERATURE CONTROL SYSTEM FOR REHEATING FURNACE. (COMPUTER CONTROL SYSTEM FOR REHEATING FURNACE OF HOT STRIP MILL - I).,
2169055,2-s2.0-85070897358,Multiple and sequential land use: A national policy for Australia?,
229013644,2-s2.0-84859808258,Stress and coping resources of the caregiver in the hospital setting,
19570,2-s2.0-85099470128,Domain adaptation from daytime to nighttime: A situation-sensitive vehicle detection and traffic flow parameter estimation framework,
370903,2-s2.0-0013053237,Vavilov-Cherenkov radiation in the biaxial triglycine sulphate crystal,
658416344,2-s2.0-0029541621,"Transport and Third World development: Review, issues, and prescription",
4637508,2-s2.0-0343577757,Other men's flowers. Classical treatment of collisions; Massey's adiabatic criterion and ionization in flames; ion-molecule reactions; bound-free and free-free transition of electrons in ambient atomic hydrogen,
248250284,2-s2.0-105034622760,Quantifying Bytes: Understanding Practical Value of Data Assets in Federated Learning,
42903,2-s2.0-85183787920,Accurate estimation of concrete consumption in tunnel lining using terrestrial laser scanning,
9961661,2-s2.0-105033929229,Design and Evaluation of Transient Suppression Circuits for Solid-State Circuit Breakers in Dc Ev Charging Systems,
9822437,2-s2.0-0015533563,CLOSED LOOP DIGITAL CONTROL OF EXTRUDATE THICKNESS AND PROFILE.,
127021623,2-s2.0-105042072681,Hybrid Modulation for DC-Link Capacitance Reduction and Ripple Suppression Towards a Quasi-Single-Stage On-Board Charger With an LLC Resonant Converter,
5103193649,2-s2.0-84880284679,Configurable digital transceiver for IEEE 802.15.4 networks,
8946,2-s2.0-0026516282,Interstrain cross-reactive idiotypes on monoclonal antibodies to an encephalitogenic myelin basic protein peptide,
34286,2-s2.0-0021622823,MODELLING PROBLEMS IN THE DYNAMIC DESIGN OF AUTOBUSES.,
242147,2-s2.0-85124190668,Optimized Support Vector Regression-Based Model for Solar Power Generation Forecasting on the Basis of Online Weather Reports,
245518,2-s2.0-105017112502,Feasibility Evaluation of Partially Replacing Ordinary Portland Cement with Ferro-Nickel Slag in Ready-Mixed Concrete for Precast Applications,
4572,2-s2.0-85146766847,"Smart Electricity Meter Load Prediction in Dubai Using MLR, ANN, RF, and ARIMA",
833835,2-s2.0-105001641366,"Modeling of Arcing, Scrap Melting, and Temperature Evolution in the Refractory of a Lab-Scale Direct Current-Electric Arc Furnace",
3419744563,2-s2.0-105045376146,Robust data-driven NLMPC for real-time microgrid management under uncertainties and false data injection attacks,
4759394,2-s2.0-18144437665,Wind erosion research by means of a wind tunnel; measures to control wind erosion of soil and other materials for reasons of economy and health.,
79275,2-s2.0-33745378149,Therapeutic and pathogenetic animal models for Dolichos pruriens,
742141,2-s2.0-84879731406,Phonon contribution to the shear viscosity of a superfluid Fermi gas in the unitarity limit,
6169290,2-s2.0-105033496347,Tramadol hydrochloride vs. lignocaine hydrochloride in the extraction of anterior teeth: a randomised comparative study,
149079,2-s2.0-0034590356,Distributed simulation platform for low-altitude penetration system,
7430332,2-s2.0-33846536214,Water allocation policy modeling for the Dong Nai River Basin: An integrated perspective,
9298742,2-s2.0-84960391133,Complementary life cycle assessment of wastewater treatment plants: An integrated approach to comprehensive upstream and downstream impact assessments and its extension to building-level wastewater generation,
646550278,2-s2.0-79957654745,Coordinated control study of STATCOM with algebraic constraints and salient-pole generators excitation of power systems,
32276,2-s2.0-85133561085,"Interplay of energy, dissipation, and error in kinetic proofreading: Control via concentration and binding energy",
907908,2-s2.0-37349020208,Mid-infrared spectroscopy of the Er-related donor state in Si/Si:Er3+ nanolayers,
43242554,2-s2.0-105011704699,Spatiotemporal Variations and Driving Factors of Carbon Emissions Related to Energy Consumption in the Construction Industry of China,
13746,2-s2.0-0017239448,Monitoring of internal contamination among operators involved in the preparation and use of radioactive compounds for medical purposes,
3810534880,2-s2.0-85127061801,Effect of an improved agricultural irrigation scheme with a hydraulic structure for crop cultivation in arid northern Afghanistan using the Soil and Water Assessment Tool (SWAT),
42977066,2-s2.0-85110325276,Launch vehicle fault injection and fault diagnosis based on mil-std-1553b data bus,
2732503917,2-s2.0-85100103367,How to combine and analyze all the data from diverse sources: a multilevel analysis of institutional trust in the world,
639400012,2-s2.0-85206690756,Two-Dimensional Translational Growth and Properties of Long-Seed KDP-Type Crystals,
26901,2-s2.0-105001581651,Effect of Aluminum Powder Combustion on the Underwater Explosion Load Characteristics of CL-20-based Mixed Explosives,
327620,2-s2.0-105032746862,Challenges in the synergistic mitigation of air pollutants and CO2 emissions from China's flat glass industry: A plant-level emission inventory analysis,
766346837,2-s2.0-36049014422,Molecular dynamics simulations of kinetic isotope fractionation during the diffusion of ionic species in liquid water,
9071484,2-s2.0-78649291599,Time related association rules mining with attributes accumulation mechanism applied to large-scale traffic system,
54586,2-s2.0-105016312085,Engineering a biocompatible chitosan/MOF aerogel for hyperbilirubinemia treatment in liver failure,
91688,2-s2.0-85050106449,Landscape analysis via modeling of the city map,
2093245208,2-s2.0-85142819622,Design of Mid-Point Ground with Resistors and Capacitors in Mono-Polar LVDC System,
7946,2-s2.0-0023418330,DEVELOPMENTS IN FIBRE OPTIC SENSORS.,
463522,2-s2.0-105018305615,Decoding RobKiNet: Insights into Efficient Training of Robotic Kinematics Informed Neural Network,
3942439,2-s2.0-34548246494,Pre-treatment of light metale in mixed metal assemblies,
5951231,2-s2.0-85091152631,An efficient certificateless aggregate signature scheme designed for VANET,
89899,2-s2.0-85116004577,Gathering energy of the stray currents in electrified railways environment for power supply,
39377,2-s2.0-85219347161,Explosive pressure test system for energy-containing materials with tiny charges,
502328,2-s2.0-84945588048,Depth Detection of Bond Defects in Multilayered Externally Bonded CFRP-to-Concrete Using Pulse Phase Thermography,
515195,2-s2.0-84891410697,Improvement of the aerodynamic performance by wing flexibility and elytra-hind wing interaction of a beetle during forward flight,
423045,2-s2.0-85216862461,Squirrel search-based optimization of energy storage systems for electric vehicle charging stations,
3189,2-s2.0-85131204542,Experimental study on shear performance of steel shell-concrete composite structure in immersed tunnel,
7583,2-s2.0-105014329737,Enhanced Control Strategy for FESSs: A Derivative-Free Fast Terminal Sliding Mode Approach With Reduced-Order Error-Based ESO,
122077885,2-s2.0-85051788267,Investigation of charge accumulation in Si3N4/SiO2 dielectric stacks for electrostatically actuated NEMS/MEMS reliability,
842698049,2-s2.0-85195063479,Verification Technology for Metrological Performance of Secondary Standard Devices for Natural Gas Flow,
4452431464,2-s2.0-3342875822,Frame relay and development for the network controller LSI circuit,
2227735,2-s2.0-84982706242,Evaluation of Environmental Performance Based on Proximity to Bat Associated Resource Utilization and Emission Values: A Case Study in a Steel-Making Industry,
8220299,2-s2.0-85117883034,Spatial ergodicity and central limit theorems for parabolic Anderson model with delta initial condition,
575181594,2-s2.0-105008460469,An operational regulation method for solar heating system based on Deep reinforcement learning,
821468,2-s2.0-105017912454,Transformation of Artistic Drawings Into WLAN-Band Wearable Antennas,
9804,2-s2.0-85192996000,Hybrid KANN-DBSCAN with KNN for Anomaly Detection of Power Plug-in Board,
2075923651,2-s2.0-77954685357,Can allergy be prevented in children? Environmental intervention. Introduction,
1773335930,2-s2.0-84957714572,"Installation, startup and performance of a static var compensator for an electric arc furnace upgrade",
3673346,2-s2.0-85138424218,A Federated Learning Framework for Automated Decision Making with Microscopic Traffic Simulation,
7669,2-s2.0-84967389311,London’s environment: Prospects for a sustainable world city,
3497775021,2-s2.0-85102454309,Experimental analysis on modulus of elasticity of slag based concrete,
3656327,2-s2.0-85052845497,Polymerization-Induced Self-Assembly under Compressed CO 2 : Control of Morphology Using a CO 2 -Responsive MacroRAFT Agent,
2917811730,2-s2.0-85094952759,Environmental politics and policy adaptation in China: The case of water sector reform,
6750,2-s2.0-84867915838,Development of scandate cathode and its prospect-A review,
373486,2-s2.0-85135783709,Optimal Model Predictive Controller for Grid-Connected Voltage Source Converters,
2064480,2-s2.0-85210823321,An MDP-Based Approach for Distribution System Control with PV Generation and Battery Storage,
41006945,2-s2.0-85199957330,"Enhancing the integration of PV and coal-fired power plant for low-carbon, low-cost, and reliable power supply through various energy storage systems",
2076846614,2-s2.0-85000538613,Rear-view vehicle detection based on MSER and spatial combination feature description,
89973,2-s2.0-85197399771,A shared ride matching approach to low-carbon and electrified ridesplitting,
384479,2-s2.0-0035264352,The multifrequency emission of Mrk 501. From radio to TeV gamma-rays,
937955,2-s2.0-85087355727,Growth of soil lipolitic microorganisms in different culture media with vegetal oil,
486397,2-s2.0-105015018766,Trentepohlia,
39172,2-s2.0-85136257467,IR analysis of biogas from the processing of distiller's waste,
7055,2-s2.0-85076230091,"Cryopreservation of heat-shocked canine adipose-derived mesenchymal stromal cells with 10% dimethyl sulfoxide and 40% serum results in better viability, proliferation, anti-oxidation, and in-vitro differentiation",
5289771,2-s2.0-85045593775,Project management for sustainable infrastructure,
83776,2-s2.0-85201935474,Research on Key Technology of Operation Control System of Medium-Speed Maglev Train,
36807374,2-s2.0-84954233671,A pathway to nearly zero energy,
6537,2-s2.0-0020221533,ENERGY CHARACTERISTICS OF EXPERIMENTAL MODULE OF CYLINDRICAL PARABOLIC SOLAR INSTALLATION.,
96217,2-s2.0-33845979863,Three-dimensional compressible hydrodynamic simulations of vortices in disks,
1241875431,2-s2.0-85101410052,Implementing regulation towards the creation of a well-functioning energy market,
374801,2-s2.0-84959257317,A numerical analysis on nanofluid mixed convection in triangular cross-sectioned ducts heated by a uniform heat flux,
176274,2-s2.0-85047932862,Impact of IT Capability on the Performance of Port Operation,
10095,2-s2.0-0026571848,"Lactose digestion from unmodified, low-fat and lactose-hydrolyzed yogurt in adult lactose-maldigesters",
3660,2-s2.0-105043649145,An automated data-driven simulation framework for digital twin-enabled manufacturing analytics using process mining,
1907,2-s2.0-85218034568,BERT-MLTKE: A Multi-task Deep Learning Framework for Keyphrase Extraction in Social Media,
4260542142,2-s2.0-73249132917,Efficacy of Olyset long-lasting bednets to control transmission of cutaneous leishmaniasis in Iran,
2318289,2-s2.0-85078474054,Enhancing charge mobilities in self-assembled N⋯I halogen bonded organic semiconductors: A design approach based on experimental and computational perspectives,
450807680,2-s2.0-85123515738,Analysis of the Coupling Effect of Thermal and Traffic Loads on Cement Concrete Pavement with Voids Repaired with Polymer Grout,
3971555055,2-s2.0-86000512637,How To Discretize Continuous State-Action Spaces in Q-Learning: A Symbolic Control Approach,
4427789,2-s2.0-85170844525,Environmental Accounting in the European Accounting Review: A Reflection,
20338,2-s2.0-84889561932,The determinants of credit allocations in a market-based trading system: Evidence from the RECLAIM program,
189454017,2-s2.0-84959487276,A Fast Modular Method for True Variation-Aware Separatrix Tracing in Nanoscaled SRAMs,
1835974520,2-s2.0-85210973035,Realization of multi-station time difference measurement based on parameter characteristics mapping,
58338458,2-s2.0-4544324310,"Infrastructures for education, research and industry in microelectronics - A review",
668836408,2-s2.0-85038407213,The sooth beneath the taste roseas in the urethra and first description of neuro-morpho-chemical mechanism of penile erectile posture in males: an experimental study,
397977,2-s2.0-85081688068,A review of frequency regulation of DFIG-based wind farms,
82745,2-s2.0-105020963953,Optimizing the Selection of Vulnerability Remediation Actions in Operational Technology Environments,
8728,2-s2.0-0025379121,The effect of leukotriene C4/D4 receptor antagonist (ONO-1078) and thromboxane A2 synthetase inhibitor (OKY-046) on airway hyperresponsiveness induced by ozone exposure in guinea pigs,
1374587,2-s2.0-85180147526,Personal comfort models in long-term monitoring using physiological data from wearable sensors,
45094584,2-s2.0-84865475047,Flow visualization and conjugate heat transfer study from shower head impinging jets,
8621,2-s2.0-105010589987,Robustness of infrastructure networks with cascading overload failures under extreme geographically localized attacks,
382278,2-s2.0-85135750583,Delay-Based Packet-Granular QoS Provisioning for Mixed Traffic in Industrial Internet of Things,
5163212760,2-s2.0-85209897186,Strategy Model for Petroleum Contracts: A Holistic Sensitivity Analysis of Oil Royalties to Hydrocarbons Commercialization,
81532,2-s2.0-85211939065,Path Planning Model of Mobile Charging Facilities Combined Scheduling Service,
70310,2-s2.0-79955476540,Mapping ecosystem processes and function across shallow seascapes,
71067,2-s2.0-85101313909,Leveraging neighborhood session information with dual attentive neural network for session-based recommendation,
3349846317,2-s2.0-84863737593,The role of climatic factors in the expression of an intrasexual signal in the paper wasp polistes dominulus,
3001347844,2-s2.0-78651274412,The operation control technology of wind generating set,
1720,2-s2.0-48749102792,Lepidium meyenii (Maca) varieties did not alter female reproductive parameters in adult intact rats,
241786099,2-s2.0-84876512800,Headphone virtualisation: Improved localisation and externalisation of non-individualised HRTFs by cluster analysis,
766460198,2-s2.0-85069697215,Effect of using cinnamon oil encapsulated in maltodextrin as exogenous flavouring on flavour quality and stability of biscuits,
82656,2-s2.0-0029946548,Interleukin-6 production and secretion in human melanoma cell lines: Regulation by interleukin-1,
9569281,2-s2.0-85075761017,Circuit for Monitoring and Reestablishment of PEM Fuel Cell Voltage Using Controlled Short Circuits,
710085543,2-s2.0-85127540165,"Time Series Analysis of Economic Growth, Environmental Conditions and Their Coordination Degree: A Case Study of Provinces in Northeast China",
7280432,2-s2.0-0016628208,START UP AND TESTING OF COKE OVEN EMISSION CONTROL CAR.,
6428,2-s2.0-0035013549,Involvement of cortical microtubules in plastic extension regulated by gibberellin in Lemna minor root,
5075080,2-s2.0-85034072238,An advanced harmonic extraction technique applied to a three-phase three-level active power filter,
4456759033,2-s2.0-85120464474,Is there a long run nexus among mental disorder and socio-economic indicators?: Experiences from an econometric study across 40 countries,
18709,2-s2.0-84930574197,Synthesis and characterization of green agents coated Pd/Fe bimetallic nanoparticles,
1366592,2-s2.0-85127922861,Control of Rabi splitting energies in CuCl microcavities with HfO2/SiO2distributed Bragg reflectors,
582076,2-s2.0-105015077285,Magnetic biochar derived from Fenton iron sludge activated persulfate for antibiotic degradation: Dual roles of adsorption and oxidation,
9976955,2-s2.0-84883663114,Stabilizing materials' chemistry by implementation of real time elemental laser-induced breakdown spectroscopy (LIBS) analysis,
3186,2-s2.0-85133652644,Blockchain for Distributed Energy Resources Management and Integration,
4074756950,2-s2.0-31844437855,ArF photoresist deformation in dual frequency superimposed capacitively coupled plasma (DFS-CCP) with different frequency combinations,
9725,2-s2.0-84947029453,Evaluation of Microalgae Biofuel Production Potential and Cultivation Sites Using Geographic Information Systems: A Review,
8777,2-s2.0-85127124014,Factors Influencing the Waste Separation Behaviors of Urban Residents in Shaanxi Province during the 14th National Games of China,
5603,2-s2.0-105043635417,Enhancing ADS-B Resiliency Against Spoofing,
5565332,2-s2.0-105018040671,Analysis and Design of a Novel Expandable AC-AC Boost Direct Converter,
2265623,2-s2.0-84861740906,Attenuation of hysteretic energy spectra of strong ground motion,
7694,2-s2.0-77956554877,Using heterogeneous data sources in a systems biology approach to modeling the Sonic Hedgehog signaling pathway,
5174788,2-s2.0-84984848453,Nonlinear observer based control for travelling wave nuclear reactors based on the Lyapunov approach during load following operation,
605528395,2-s2.0-85074322271,Anthropogenic land-use change intensifies the effect of low flows on stream fishes,
829762,2-s2.0-85218027686,Evidence-based nursing practices in children suffering from asthma,
415538504,2-s2.0-0032904490,Distribution and retrograde transport of trophic factors in the central nervous system: Functional implications for the treatment of neurodegenerative diseases,
1408829973,2-s2.0-84925158478,Risk propensity and conflict behavior in dyadic negotiation: Some evidence from the laboratory,
2069205913,2-s2.0-79951789432,Conservation agriculture for wheat-based cropping systems under gravity irrigation: Increasing resilience through improved soil quality,
522174857,2-s2.0-0242690451,Discriminative Motifs,
6883,2-s2.0-85189565926,Utilisation of reclaimed asphalt pavement with warm mix asphalt as sustainable pavement technologies: Comprehensive review and challenges,
8852,2-s2.0-85179741836,Decadal survival of tropical pioneer seeds in the soil seed bank is accompanied by fungal infection and dormancy release,
73807228,2-s2.0-0033519331,Site-specific control of T cell traffic in the brain: T cell entry to brainstem vs. hippocampus after local injection of IFN-γ,
2730089,2-s2.0-85121709912,Exploring the catalytic mechanism of the rna cap modification by nsp16-nsp10 complex of sars-cov-2 through a qm/mm approach,
9952646,2-s2.0-85070688183,The Trajectory Tracking Method of Intelligent Vehicle Based on Optimality Control,
1184,2-s2.0-85170659808,Charging process simulation of a coil by a self-regulating high-Tc superconducting flux pump,
46791767,2-s2.0-85078184109,Numerical modeling of massive timber piles supporting double-span stone arch bridge damaged in 2011 great east Japan earthquake,
74902449,2-s2.0-85142918486,Stringent Starvation Protein SspA and Iron Starvation Sigma Factor PvdS Coordinately Regulate Iron Uptake and Prodiginine Biosynthesis in Pseudoalteromonas sp. R3,
49770283,2-s2.0-85044530368,An iterative refinement approach to fitting clearing functions to data from simulation models of production systems,
2836186,2-s2.0-85086823824,Airborne particle and microbiological human emission rate investigation for cleanroom clothing combinations,
4643404785,2-s2.0-84860278912,A novel control algorithm for maximum power point tracking of photovoltaic,
7437251,2-s2.0-85163365605,Design and development of a remotely operated vehicle and its control system,
88911,2-s2.0-85111413990,"Links between climate change knowledge, perception and action: Impacts on personal carbon footprint",
151458,2-s2.0-84884978168,Overburden fracture evolution laws and water-controlling technologies in mining very thick coal seam under water-rich roof,
2383390470,2-s2.0-85218029789,Comparative Optical Analysis Using Homemade Spectrometers: Transmittance and Reflectance Methods for Material Studies,
568196,2-s2.0-33751346405,Application of population pharmacokinetic analysis in experimental pharmacology. I. Population pharmacokinetic analysis of caffeine in rats,
504100054,2-s2.0-28744438294,New job classes for fully automated reticle and sorter dispatch,
1929,2-s2.0-85073188297,GRID-SITES: Gridded Solar Iterative Temperature Emission Solver for Fast DEM Inversion,
749564,2-s2.0-0023365642,Role of atmospheric gases in the space charge polarization of low-density polyethylene in a divergent ac field,
3169575198,2-s2.0-85032809950,Analytical solution and Bayesian inference for interference pumping tests in fractal dual-porosity media,
1094424,2-s2.0-85065674848,Is there a housing bubble in China?,
4257533556,2-s2.0-105022607433,Kinetics of coal oxidation for underground coal fires based on surface and volume reaction models,
2854112311,2-s2.0-85213568408,Phycoremediated Microalgae and Cyanobacteria Biomass as Biofertilizer for Sustainable Agriculture: A Holistic Biorefinery Approach to Promote Circular Bioeconomy,
95856,2-s2.0-0036020599,H4SiW12O40-catalyzed oxidation of nitrobenzene in supercritical water: Kinetic and mechanistic aspects,
1763211641,2-s2.0-0035908883,Fluid dynamics and mixing in three-phase coal and oil residue hydrogenation sieve cascade reactors,
2293,2-s2.0-0033601843,Transcriptional regulation of adrenomedullin in rat vascular smooth muscle cells,
78386,2-s2.0-0042819910,Squeeze damping film analysis of solenoid valve for electronic control unit pump fuel injection system,
4454305,2-s2.0-85066044944,Vibration-based fatigue damage and fracture investigation of a special sheet specimen with surface notch,
22021,2-s2.0-0030003528,A cloud adult: The Staphylococcus aureus-virus interaction revisited,
78418677,2-s2.0-0028929159,High Cell‐Density Culture System of Hepatocytes Entrapped in a Three‐Dimensional Hollow Fiber Module with Collagen Gel,
72289,2-s2.0-85056357870,Design and application of energy router to realise the smart power microgrid,
7384,2-s2.0-85102202688,A New Entity Salience Task with Millions of Training Examples,
580083010,2-s2.0-85044070448,Application and effect evaluation of production informatization in oil and gas fields,
392123023,2-s2.0-85161687215,Narratives in Public Communication,
1431930,2-s2.0-105015185558,A Model-Independent Online Learning-Based Control Strategy for DC/AC Inverters,
43009438,2-s2.0-85144829379,Convolutional Network Research for Defect Identification of Productor Appearance Surface,
29955,2-s2.0-85210662137,Carbon emission controls and optimal carbon related regulation in oligopoly: Examination of policy effects on competitiveness and entry deterrence,
815078793,2-s2.0-84866729766,Finite difference approximations and dynamics simulations for the Lévy Fractional Klein-Kramers equation,
149422,2-s2.0-84873697476,Spin-lattice relaxation time in pressure-induced two-leg ladder cuprate superconductors,
9888594,2-s2.0-105023644474,Heat stress enhances VLDL secretion in chicken ovarian follicles to potentiate its impact on follicular cell survival and maturation,
2338364509,2-s2.0-34248193462,Revascularization after segmental resection of lower extremity soft tissue sarcomas,
139656692,2-s2.0-85134497097,"Training in pediatric hepatology across Europe: a survey of the National Societies Network (2016-2019) of the European Society for Paediatric Gastroenterology, Hepatology and Nutrition",
33913025,2-s2.0-85013975739,Tuning primary frequency controllers using robust control theory in a power system dominated by hydropower,
274253,2-s2.0-78649698736,Evaluation of a group a streptococcus synthetic oligosaccharide as vaccine candidate,
774542,2-s2.0-85164384412,A unique monetary reaction rule: the case of Lebanon,
6289218,2-s2.0-79952093045,On the value distribution and moments of the Epstein zeta function to the right of the critical strip,
977303323,2-s2.0-85178384318,Development of Temperature Algorithm Based on Control of Radiator Valve,
48450,2-s2.0-78449294672,A path supervision framework - A key for service monitoring in Infrastructure as a Service (IaaS) platforms,
327617739,2-s2.0-0036703052,Exercise-induced asthma among Thai asthmatic children,
38075,2-s2.0-0023439341,WARNINGS OF MALFUNCTION: THE DECISION TO INSPECT AND MAINTAIN PRODUCTION PROCESSES ON SCHEDULE OR ON DEMAND.,
4671778,2-s2.0-85192519053,Understanding Information-Limiting Environments in Personalized News Platforms—A Systems Perspective,
2345842093,2-s2.0-79955443624,Mechanism of floor heave and control technology of roadway induced by mining,
53158,2-s2.0-85151384548,Study on the Actuation Characteristics of Microsecond Pulse Sliding Discharge Plasma,
6650,2-s2.0-85112124655,Plant bioactive peptides: Current status and prospects towards use on human health,
77929,2-s2.0-42749108867,"The effect of PPARα, PPARδ, PPARγ, and PPARpan agonists on body weight, body mass, and serum lipid profiles in diet-induced obese AKR/J Mice",
419920271,2-s2.0-85048442575,Effect of hydrogen addition on laminar burning velocity of CH4/DME mixtures by heat flux method and kinetic modeling,
78302,2-s2.0-85112076398,Use of electrocoagulation for treatment of pharmaceutical compounds in water/wastewater: A review exploring opportunities and challenges,
3555,2-s2.0-0033352875,Inductive voltage adder driven X-ray sources for hydrodynamic radiography,
11750411,2-s2.0-85075566315,“Bilingual expert” can find translation errors,
96755,2-s2.0-85150236588,EXPERIMENTAL INVESTIGATION ON THE EFFECT OF CONTROLLED HEATING AND COOLING PROCESSES IN AISI 1040 STEEL,
60973,2-s2.0-0020603467,Practical problems of dust control,
33295307,2-s2.0-79952138021,Lack of P-limitation of phytoplankton and heterotrophic prokaryotes in surface waters of three anticyclonic eddies in the stratified Mediterranean Sea,
541981744,2-s2.0-105003047392,"Corrosion inhibition and in silico toxicity assessment of imidazo[1,2-a]pyrimidine-Schiff base derivatives as effective and environmentally friendly corrosion inhibitors for mild steel",
3636791619,2-s2.0-85017189691,Reliability and availability modeling of Uninterruptible Power Supply (UPS) systems using monte-carlo simulation,
98245,2-s2.0-85103776087,Precise control of ultramicropore structure of activated carbon fiber for the application of Cu(II) adsorption/electro-adsorption,
5028543,2-s2.0-80053625369,Over-expression of mitochondrial ferritin affects the JAK2/STAT5 pathway in K562 cells and causes mitochondrial iron accumulation,
238459529,2-s2.0-85147892578,Edible Plant Extracts against Aedes aegypti and Validation of a Piper nigrum L. Ethanolic Extract as a Natural Insecticide,
92305,2-s2.0-85054870205,A comparison of machine learning classifiers for energy-efficient implementation of seizure detection,
75276,2-s2.0-85125696711,CWM-CGAN Method for Renewable Energy Scenario Generation Based on Weather Label Multi-Factor Definition,
334515,2-s2.0-105010034477,Performance of two different artificial intelligence models in dental implant planning among four different implant planning software: a comparative study,
4165952,2-s2.0-85115397065,Multi-layer high-resolution soil moisture estimation using machine learning over the United States,
325106,2-s2.0-0141862082,Stromal cell-derived factor-1 production by spleen cells is affected by nitric oxide in protective immunity against blood-stage Plasmodium chabaudi CR in C57BL/6j mice,
334054226,2-s2.0-84904011064,Potato mini-tuber production through direct transplanting of in vitro plantlets in green or screen houses - A review,
99383,2-s2.0-78649390907,Defect-free half-V-mode ferroelectric liquid-crystal device,
86491468,2-s2.0-85208784932,Digital rock mechanics solutions for underground engineering problems such as coal mining,
91858,2-s2.0-85205582162,Mapping Real World Locomotion Speed to the Virtual World in Large Field of View Virtual Environments,
9598,2-s2.0-85048159753,Stainless steel tailings accelerated direct carbonation process at low pressure: Carbonation efficiency evaluation and chromium leaching inhibition correlation analysis,
31068732,2-s2.0-84877992795,Optimal contracts for providing load-side frequency regulation service using fleets of electric vehicles,
272818,2-s2.0-85131729403,Review and validation of photovoltaic solar simulation tools/software based on case study,
7878353,2-s2.0-85139233763,Mosquito larvicides disrupt behavior and survival rates of aquatic insect predators,
3467801117,2-s2.0-85124365746,Customized Sequential Quadratic Programming for Solving Large-Scale AC Optimal Power Flow,
593181449,2-s2.0-70349843236,"Comparative study of selective CO oxidation over Pt-Co-M/Al2O3 catalysts (M=Ce, Mg, Mn, Zr, Fe) in hydrogen-rich streams: Effects of a second promoter",
7305,2-s2.0-85138997741,Optimal decisions in two-echelon supply chain under hybrid carbon regulations: The perspective of inner carbon trading,
158724,2-s2.0-0036231822,Non-perturbative renormalization flow in quantum field theory and statistical physics,
1350508,2-s2.0-85122576249,A Novel Flexible Fault Current Limiter for DC Distribution Applications,
37224625,2-s2.0-85097544647,Modulated Model Predictive Control for Dynamic Stabilization of DC Microgrid,
37629,2-s2.0-70349694031,Towards an holistic framework for environmental change: The role of normative behaviour and informal networking to enhance sustainable business practices,
41059286,2-s2.0-0029879193,"Percutaneous absorption of 2,4-dichlorophenoxyacetic acid from soil with respect to soil load and skin contact time: In vivo absorption in rhesus monkey and in vitro absorption in human skin",
2800705,2-s2.0-79952359343,Optimisation of polyphenols extraction from chestnut shell by response surface methodology,
96906,2-s2.0-84889766415,Business logo signing,
4509,2-s2.0-85166660973,The Digital Hospital: A Scoping Review of How Technology Is Transforming Cardiopulmonary Care,
2751455372,2-s2.0-105038341884,Research on Dynamic Execution Optimization of Smart Contracts Based on GRPO Algorithm,
50438,2-s2.0-0025505482,Functional dualism of local controllers with respect to congestion control and store-and-forward deadlock prevention in packet networks,
156777,2-s2.0-85205663444,Study on the physical properties of red clay cured by different external admixtures combined with enzyme induced carbonate precipitation technology,
6886798,2-s2.0-105004237574,A Microhydroelectric Power Plant with Maximum Power Point Tracking,
44831,2-s2.0-85133361044,Genomic analysis of Listeria monocytogenes from US food processing environments reveals a high prevalence of QAC efflux genes but limited evidence of their contribution to environmental persistence,
3757,2-s2.0-84866072020,A method for ontology construction derived from Folksonomy,
11642870,2-s2.0-0035910457,Alkaline response genes of Saccharomyces cerevisiae and their relationship to the RIM101 pathway,
7518063,2-s2.0-105005412776,Mix proportion test and engineering characteristics analysis of loess-based cement slurry material,
3145713948,2-s2.0-24944486280,Dynamic quality of service support in virtual private networks,
9263,2-s2.0-84963764441,An overview on energy conservation in automobile traffic and transportation with ITS,
1043,2-s2.0-105009513562,THE INFLUENCE OF DISTRACTORS ON VISUAL ATTENTION AND SAFETY-RELATED BEHAVIORS WHILE DRIVING,
98482,2-s2.0-85084462736,Distribution network reconfiguration for loss reduction methodology: A review,
921398,2-s2.0-46249119952,Adaptive backstepping control of variable speed wind turbines,
29189913,2-s2.0-58649104640,Continuous mixing proportional for steam heated applications,
91639,2-s2.0-85079798405,Estimating fuel consumption from radar tracks: a validation exercise using FDR and radar tracks from descent trajectories,
497012,2-s2.0-105002533365,Global Adolescent Mental Health,
349609,2-s2.0-85067874877,"Genome to phenome: Improving animal health, production, and well-being - A new USDA blueprint for animal genome research 2018-2027",
4252464571,2-s2.0-85203629395,LYαNNA: A deep learning field-level inference machine for the Lyman-α forest,
649594644,2-s2.0-85070975368,Simulation and control of linear Fresnel reflector solar plant,
8924886,2-s2.0-85076609867,"Extraction, Production and Consumption of Gravel and Sand Aggregates in Poland An Attempt to Assess National and Regional Balances",
643389828,2-s2.0-85132412898,Determining the Optimum Location of Ground Control Stations (GCSs) for Unmanned Aerial Vehicles (UAVs) in Marine Search and Rescue (MSAR) Operations,
853037,2-s2.0-105023216969,A Chaos-Initiated and Adaptive Multi-Guide Control-Based Crayfish Optimization Algorithm for Image Analysis,
472190,2-s2.0-85153097811,"Body temperatures, thermal comfort, and neuropsychological responses to air temperatures ranging between 12°C and 39°C in people with Multiple Sclerosis",
147691,2-s2.0-84881525984,Limiting spectral distribution of sums of unitary and orthogonal matrices,
5316,2-s2.0-85029539937,On the use of kinetic energy preserving DG-schemes for large eddy simulation,
12097,2-s2.0-85018308664,Threshold creep behaviour of an aged Mg–Zn–Ca alloy,
519457941,2-s2.0-85114700062,Multi-stage planning of park-level integrated energy system based on ladder-type carbon trading mechanism,
1716,2-s2.0-84982102789,A novel design of charge controller for a standalone solar photovoltaic system,
114307945,2-s2.0-105018688607,Valorization of Cork Waste Within a Plaster Matrix for Designing a New Green Material Under Axial Compression: Experimental and Numerical Approaches,
4262,2-s2.0-0034035364,The effects of substrate and fluid provision on thermoregulatory and metabolic responses to prolonged exercise in a hot environment,
1101398160,2-s2.0-0027725747,The role of citizen scientist in nature resource decision-making: Lessons from the spruce budworm problem in Canada,
814465,2-s2.0-105024536984,Optimizing LSSVM for Bearing Fault Diagnosis Using Adaptive t-Distribution Slime Mold Algorithm,
1583806435,2-s2.0-85179097608,"Whole genome sequencing of drug-resistant Mycobacterium tuberculosis isolates in Victoria, Australia",
217794,2-s2.0-85076291569,Experimental outcomes of the mediterranean diet: Lessons learned from the predimed randomized controlled trial,
2312885,2-s2.0-105012769786,AdversarialGait: direction invariant gait recognition with adversarial learning,
561852,2-s2.0-80555129683,Weisfeiler-Lehman graph kernels,
88900,2-s2.0-105038060569,"Dialogic dilemmas: Citizen participation in built environment alterations in Malmö, Sweden",
740302734,2-s2.0-105021567250,Seasonal Decomposition-Enhanced Deep Learning Architecture for Probabilistic Forecasting,
9469,2-s2.0-105042593675,Seismic performance evaluation of reinforced concrete building frame with vertical and plan irregularity,
7369556,2-s2.0-10344226187,A lipid boundary separates APP and secretases and limits amyloid β-peptide generation,
9115484,2-s2.0-84896077735,Addition of lime and fly ash to improve highway subgrade soils,
325004831,2-s2.0-85204180882,Synergizing lean management and circular economy: Pathways to sustainable manufacturing,
67937,2-s2.0-105004396419,Sex-specific alterations in creatine metabolism in cellular compartments of peripheral blood leukocytes in type 1 diabetes,
6164783,2-s2.0-0013334722,Atomic oxygen modeling in the upper thermosphere,
4094511684,2-s2.0-0026416949,Study of frictional sliding and defect density in the wear of bearing steel,
759202,2-s2.0-0026917332,Reflux condensation phenomena in single vertical tubes,
3141663520,2-s2.0-85020478527,Environmental emission analysis of a waste printed circuit board-derived adsorbent production process,
4471519262,2-s2.0-0035071492,"Compared with nibbling, neither gorging nor a morning fast affect short-term energy balance in obese patients in a chamber calorimeter",
1303948501,2-s2.0-36248949629,We (have to) try harder: Gender and required work effort in Britain and the United States,
2963433,2-s2.0-85069448126,Reaction induced diffusio-phoresis of ordinary catalytic particles,
93912,2-s2.0-105023474297,Encouraging and Measuring Secure Firearm Storage: A Scalable Hospital-Driven Program,
2639571340,2-s2.0-85218864986,Discussion on key point of manufacturing and quality management of blood product,
75381904,2-s2.0-79960046257,Latin America: Market mechanisms and supply adequacy in power sector reforms,
779283501,2-s2.0-0029235995,Effect of temperature change on active control of nonlinear piezothermoelectric plates,
745225892,2-s2.0-14544269390,Impaired reflex control of intestinal gas transit in patients with abdominal bloating,
4979008305,2-s2.0-84864686724,Ethylene production by ODHE in catalytically modified Ba 0.5Sr0.5Co0.8Fe0.2O 3-γ membrane reactors,
18334,2-s2.0-0015112665,Environmental control in the asbestos industry of Quebec,
4947591922,2-s2.0-0019599913,IN-SITU EXPERIMENTAL OBSERVATION AND PREDICTIVE MODEL OF FREE RADICAL FORMATION UNDER LIQUEFACTION REGIME CONDITIONS.,
4685,2-s2.0-84875884353,Shadowing masks for thickness uniformity in a plane planetary system,
606625,2-s2.0-79953067133,Sour top of the line corrosion in the presence of acetic acid,
66041314,2-s2.0-85064899382,Impact assessment of road infrastructure: A holistic approach,
1885536,2-s2.0-105038811289,Metal-organic framework-confined Co3O4 for humidity-immune ozone decomposition,
91518,2-s2.0-85127009817,Effects of heat stress on follicular development and atresia in Nile tilapia (Oreochromis niloticus) during one reproductive cycle and its potential regulation by autophagy and apoptosis,
443416,2-s2.0-84901926983,Reducing greenhouse gas emissions while producing timber from even-aged sessile oak stands within 100 years - A realistic goal?,
31314,2-s2.0-0028603191,Decentralized control of active vehicle suspensions with preview,
5302,2-s2.0-105013841934,Synergistic spray pelletizing-microwave pyrolysis for morphology-controlled ruthenium powder synthesis: Kinetics and precursor engineering,
9528,2-s2.0-85063440373,Requirements for power stations islanding automation,
73144395,2-s2.0-0342921341,SHOOT dewar support strap design and performance,
3942,2-s2.0-105024103504,High-temperature corrosion behavior of structural materials in supercritical carbon dioxide,
867461,2-s2.0-85107348128,A Review on Communication Aspects of Demand Response Management for Future 5G IoT- Based Smart Grids,
9851073,2-s2.0-105010106860,AIPD: A Novel API Interception-Based Patch Deployment Method to Boost Software Security,
3539227781,2-s2.0-38749129203,Thermal performance study of VPS-W coatings on CuCrZr under high heat flux,
197844,2-s2.0-105008789104,Experiment on soluble properties of different types of salt rocks,
86557,2-s2.0-85094859946,Renewable energy and automatic load frequency control based electric propulsion system,
72966106,2-s2.0-84946781777,Waveguide Mode Formation as a Potential Cause of Switch Failure in High-Power Wide-Bandgap Photoconductive Switches,
83195,2-s2.0-85099148738,A two-layer stochastic model predictive control approach in microgrids for coordination of wind and energy storage system,
3851138427,2-s2.0-105027296105,Dipole-Type Integrated Compensation Coil Design for Double-Sided LCC Topology in EV Wireless Power Transfer Systems,
4217,2-s2.0-33644843823,Hippocampal CA1 synaptic plasticity as a gamma transfer function,
31870,2-s2.0-84990639760,High performance computing on a cluster of workstations,
286992,2-s2.0-33744533969,Mathematical modeling as a decision tool in the control of urban heat supply,
471886494,2-s2.0-0021606707,Solar Mesosphere Explorer near-infrared spectrometer: measurements of 1.27 micrometer radiances and the inference of mesospheric ozone.,
9102,2-s2.0-85209807605,An Invariant Extended Kalman Filter for IMU-UWB Sensor Fusion,
396807786,2-s2.0-85120536415,The Smart Security Alarm System for Vehicles,
1649839002,2-s2.0-84889038899,Fuzzy control of hydraulically interconnected suspension with configuration switching,
960630,2-s2.0-85067792684,Complex radioecological monitoring in the vicinity of radiation hazardous facilities as an integral part of the unified system of state environmental monitoring,
306372060,2-s2.0-30344486977,Flight control system design for propulsion-controlled aircraft,
892266057,2-s2.0-0000128658,The effects of temperature upon the toxicity of chemicals to aquatic organisms,
7598883,2-s2.0-85130160532,Right ventricular myocardial energetic model for evaluating right heart function in pulmonary arterial hypertension,
817344,2-s2.0-105004198549,Two-dimensional spectroscopic analysis of sulphur group and pyrite transformations in coal coking,
2023956,2-s2.0-85063234412,Proposal and Implementation of Two-Stage Assisted Compression Ignition,
410206303,2-s2.0-85219100905,Experiences and perspectives of UK speech and language therapists on telehealth assessment with people living with post-stroke aphasia,
4926170606,2-s2.0-85011004218,LeanWOOD - Advancing performance of design teams in timber construction,
4318025419,2-s2.0-105025548273,Smart chitosan/κ-carrageenan biopolymer film enriched with grape peel anthocyanin/rutin nanoparticles for real-time beef and chicken meat freshness monitoring,
20865348,2-s2.0-105017149199,Biological Purification of Heterogenous Car Wash Effluents: Selection of Tolerant Bacteria and Development of Microbial Consortia for Pollutant Biodegradation,
2842136,2-s2.0-85067131484,Autonomous wind power system for remote sheep farms,
47159,2-s2.0-0024863963,Message communications in a distributed real-time system with a polled bus,
789729,2-s2.0-84982872244,Simulation of high-temperature steam-only gasification of woody biomass with dry-sorption CO2 capture,
71835382,2-s2.0-85147506081,Assessing psychological and environmental factors influencing the long-term orientation of TMTs,
7696640,2-s2.0-85211354972,The LimPa mission: a small mission proposal to characterize the enigmatic lunar dust exosphere,
4828612,2-s2.0-85173331134,Bioremediation of E-waste Through Microbial Exopolysaccharides: A Perspective,
9598,2-s2.0-105018967182,Space production and shrinkage of S village at the northern foot of the Qinling Mountains in Xi'an driven by multiple capitals: Based on Bourdieu's theory,
4693769369,2-s2.0-85032666545,Evaluation of combination of low dose Atorvastatin plus ezetimibe and aspirin in the treatment of atherosclerotic vascular disease,
53603328,2-s2.0-85115870229,A Discrete element methods-based model for particulate deposition and rebound in gas turbines,
596078137,2-s2.0-0022783911,Preparation of metal distributions within catalyst supports. II. Effect of ionic strength on catalytic metal profiles,
9682,2-s2.0-84942038370,An Investigation of Flight Deck Data Link in the Terminal Area,
772551,2-s2.0-84903520380,Levers and linkages: Mechanical trade-offs in a power-amplified system,
43052969,2-s2.0-84872855481,Formation and classification of amorphous carbon by molecular dynamics simulation,
742896958,2-s2.0-77951139230,Integration of UML with simulink into embedded software engineering,
76987399,2-s2.0-85138453592,Machine learning framework for determination of elastic modulus without contact model fitting,
2445,2-s2.0-85219139962,An injectable and adaptable system for the sustained release of hydrogen sulfide for targeted diabetic wound therapy by improving the microenvironment of inflammation regulation and angiogenesis,
2613528144,2-s2.0-84904509848,The impact of rail grinding on noise levels and residents' noise responses - Part I: Study design and acoustical results,
6153757,2-s2.0-84868367268,A simple maximum power point tracking based control strategy applied to a variable speed squirrel cage induction generator,
3586434858,2-s2.0-59549103859,Insulin resistance in skeletal muscle and adipose tissue in polycystic ovary syndrome: Are the molecular mechanisms distinct from type 2 diabetes?,
555753,2-s2.0-85196947983,Role of jasmonate and jasmonate signaling components in plant adaptation to salt stress,
249815889,2-s2.0-85033791188,Emissions characteristics for heavy-duty diesel trucks under different loads based on vehicle-specific power,
6925619,2-s2.0-85124503936,Camera View from Crane Payload: Video Stabilization,
4631830,2-s2.0-0019006932,HIERARCHICAL AND DISTRIBUTED CONTROL SYSTEMS FOR STEEL MILL APPLICATIONS.,
8297,2-s2.0-105000850460,Traditional Chinese medicine dry powder inhalers: research status and development ideas and methods,
85069,2-s2.0-84981341358,An investigation on wireless sensors for asset management and health monitoring of civil structures,
3147919319,2-s2.0-67651208230,Adipose tissue fatty acids in breast cancer patients versus healthy control women from crete,
82560,2-s2.0-85051627759,Simplified model for control of severe slugging in S-Shaped risers,
761595,2-s2.0-85088731281,Multi-functional power electronics tailored for energy conversion plants,
34046,2-s2.0-85197443398,Quantification of methane and carbon dioxide surface emissions from a metropolitan landfill based on quasi-continuous eddy covariance measurement,
466091771,2-s2.0-85067106627,Optimal Control of Thermostatic Loads for Planning Aggregate Consumption: Characterization of Solution and Explicit Strategies,
66281906,2-s2.0-85180086830,Nano-Iron Oxide (Fe3O4) Mitigates the Effects of Microplastics on a Ryegrass Soil-Microbe-Plant System,
75766768,2-s2.0-85087708094,Impact of long-term storage of various redox-sensitive supported nanocomposites on their application in removal of dyes from wastewater: Mechanisms delineation through spectroscopic investigations,
783013,2-s2.0-85032681624,Investments in and macroeconomic costs of climate mitigation in the Working Group III contribution to the Fifth Assessment Report of the IPCC,
987218,2-s2.0-0023896036,Evaluation of hospital-based aeromedical transport programs using therapeutic intervention scoring,
63627,2-s2.0-48449087319,Endovascular embolization of a hemorrhagic jugular bulb diverticulum,
7120034,2-s2.0-85099819727,Can we have our cake and eat it? A review of the debate on green recovery from the COVID-19 crisis,
1193172658,2-s2.0-85208433000,Performance analysis of fifteen level reduced device count asymmetrical multilevel inverter,
958708999,2-s2.0-85144387930,Enhancement of H2S sensing performance of rGO decorated CuO thin films: experimental and DFT studies,
608516416,2-s2.0-85116045391,Sequestration of soil carbon by burying it deeper within the profile: A theoretical exploration of three possible mechanisms,
563592346,2-s2.0-85133502240,Numerical and Experimental Evaluation of Multi-ion Kinetics Associated with Macro-cell Corrosion by Pseudo-concrete,
4235,2-s2.0-85215756101,Nanoporous Carbon Coatings Direct Li Electrodeposition Morphology and Performance in Li Metal Anode Batteries,
450194543,2-s2.0-16244400518,Graduated driver licensing and teen traffic fatalities,
76151284,2-s2.0-85118099425,Dendrochronology in European Russia in the Early 21st Century: State of the Art,
200604724,2-s2.0-84943267839,State variation in increased adhd prevalence: Links to NCLB school accountability and state medication laws,
1518,2-s2.0-85011573672,Architecture Level Safety Analyses for Safety-Critical Systems,
25225,2-s2.0-105036588578,Telegrapher Equation-Based FDTD Modeling of Multiport Nonreciprocal Resonator-Based RF Circuits,
96360181,2-s2.0-85040770223,Proximity Effect through Chiral Molecules in Nb–Graphene-Based Devices,
2042,2-s2.0-85100032593,Discovery of a small protein factor involved in the coordinated degradation of phycobilisomes in cyanobacteria,
76751,2-s2.0-105020259667,Modulating sleep at high altitude: Experimental effects of multi-gradient oxygen interventions on the Qinghai-Tibet plateau,
4044019342,2-s2.0-84856866574,A variable-structure gradient RBF network with its application to predictive ship motion control,
515410,2-s2.0-85124546678,A New Method for Measuring Calibration Factors of Microwave Power Transfer Standard,
3988,2-s2.0-0031541986,On the hasse-witt invariants of modular curves,
9506,2-s2.0-0028784164,Mutants in a yeast Ran binding protein are defective in nuclear transport,
5324598,2-s2.0-105024532131,Bayesian Prony Modal Identification and Hierarchical Control Strategy for Low-Frequency Oscillation of Ship Microgrid,
68160969,2-s2.0-84856653513,Poseidon gas handling technology: A case study of three esp wells in the Congo,
553584,2-s2.0-85204187818,Variation and influencing factors of PM2.5 concentration during the heating period in Shenyang,
3258974932,2-s2.0-105014099669,Switchable nonlinear optical isolator in MXene,
5924,2-s2.0-17144408849,Vendor-managed inventory and bullwhip reduction in a two-level supply chain,
5264,2-s2.0-85139796515,Engineered living materials for construction,
5911,2-s2.0-0029143721,Borderline hypertensive autosomal dominant polycystic kidney disease patients have enhanced production of renal dopamine. Normalization of renal haemodynamics by DOPA infusion,
5488279,2-s2.0-0032671792,Theoretical and experimental analysis of the scarf joint bonded structure: Influence of the adhesive thickness on the micro-mechanical behavior,
342404,2-s2.0-14944346607,Effect of internal heat exchanger on performance of R134a systems,
364766,2-s2.0-85152967494,Synthesized evaluation of various injection regimens on hydrogen propelled homogeneous charge compression ignition and dual fuel modes for an automotive application,
35449,2-s2.0-0026713864,The comparative effects of abrupt vs. stepwise discontinuation of TPN in rats,
589793,2-s2.0-0033597559,Susceptibility of a number of bivalve species to the protozoan parasite Bonamia ostreae and their ability to act as vectors for this parasite,
4102643001,2-s2.0-85138880569,Additive Manufacturing of Aluminium-Based Alloys and Composites,
6584,2-s2.0-105012588147,"Autonomy, interrupted: constitutional weakening of indigenous activism from civil war to civil society",
4802,2-s2.0-85052822692,Executive compensation and firm risk: an examination across industries,
5231496149,2-s2.0-61449238147,Aberrant regulation and modification of heat shock factor 1 in senescent human diploid fibroblasts,
3203149649,2-s2.0-33750544984,An experimental investigation on the behaviour of self-piercing riveted connections in aluminium alloy AA6060,
82729428,2-s2.0-105015578358,Heritage Identification and Preservation Framework for Industrial Settlements from a HUL Perspective: A Case Study of Tongguan Ancient Town,
55989406,2-s2.0-85153655589,Theory of Plasmonic Excitations,
58237,2-s2.0-105005775232,The increasing role of drought as an inciting factor of bark beetle outbreaks can cause large-scale transformation of Central European forests,
3141214204,2-s2.0-84864244373,Investigation of the stability of the collapsible loess soil under the infrastructure of roads,
8460694,2-s2.0-85186382162,Research progress on the interface and grain control in carbon nanotube reinforced aluminum matrix composites,
118902,2-s2.0-105011653923,Development and compressive performance study of 3D printing auxetic structure–Spacer fabric composites,
3815447,2-s2.0-38449105107,Calcium signalling and mitochondrial motility,
1183104591,2-s2.0-85141933943,Navajo Nation Stores Show Resilience During COVID-19 Pandemic,
782261,2-s2.0-85058478427,IOT Based Environment change Monitoring Controlling in Greenhouse using WSN,
4364482,2-s2.0-105042752926,Analysis Quality Control of Cement Paper Bag Production at PT Xyz,
3144535,2-s2.0-0026507818,Manifestations of pediatric AIDS: Proposed mechanisms of transmission,
60828684,2-s2.0-0031429560,Anaerobic biotechnology for the treatment of wastewaters: A review,
56806,2-s2.0-85076696445,Coordinated transient reactive power control strategy for transmission system connected by VSC-HVDC and LCC-HVDC under commutation failure,
9650373,2-s2.0-85124703544,A PV-coupled Battery Energy Storage System Incorporated with PSO-ANFIS based MPPT Controller for Standalone Mode,
3272703104,2-s2.0-105038892269,Fractional Integral Terminal Sliding Mode Control Using Wavelet Neural Networks for Unmanned Surface Vessels Under Environmental Uncertainties,
19960,2-s2.0-0024189495,"The Brazilian wheat policy: its costs, benefits, and effect on food consumption",
186307,2-s2.0-84954392779,Issues in the implementation and evolution of the commercial recreational cannabis market in Colorado,
7490482,2-s2.0-84957310036,The Signal Transducer and Activator of Transcription 1 (STAT1) inhibits mitochondrial biogenesis in liver and fatty acid oxidation in adipocytes,
225611,2-s2.0-85132742292,Research on investment value system of power grid emerging business based on index screening and G1-entropy weight method,
25748,2-s2.0-85148328264,Asymptotic solutions to nonlinear Hawkes processes: A systematic classification of the steady-state solutions,
86155201,2-s2.0-84907707974,Novel power electronics three-dimensional heat exchanger,
772771,2-s2.0-85163394934,Analysis of Inflectional Behaviour in Indian Languages Using Features Extraction Techniques,
5367174,2-s2.0-84985755312,Characteristics of treeline plant communities in Alaska,
3694,2-s2.0-105010944945,Digital transformation of construction enterprises and carbon emission reduction: evidence from listed companies,
6032300,2-s2.0-85100687784,"A fair trade? Expert perceptions of equity, innovation, and public awareness in China’s future Emissions Trading Scheme",
4632600255,2-s2.0-33846934003,Improving prediction of residue solvent accessibility with SVR and multiple sequence alignment profile,
824560428,2-s2.0-85119072695,Can Geographical Indications promote sustainable shellfish farming? The example of Bay of Mont-Saint-Michel mussels,
7650,2-s2.0-84879966391,Radio emission from air showers. Comparison of theoretical approaches,
152480425,2-s2.0-85121286898,Compressive resistance of concrete produced with recycled concrete aggregate and sugarcane vinasse waste-water,
5683779,2-s2.0-34250799644,An original epoxy-stamp on glass-disc specimen exhibiting stable debonding for identifying adhesive properties between glass and epoxy,
1910972522,2-s2.0-85060201483,Durability studies of steel fibre reinforced concrete,
40926121,2-s2.0-85162245209,Chagas disease vector control strategies: where we are and where we should go from here,
4859,2-s2.0-84958965651,"Partitioning of trace elements, As, Ba, Cd, Cr, Cu, Mn and Pb, in a 2.5 MWth pilot-scale circulating fluidised bed combustor burning an anthracite and a bituminous coal",
8520,2-s2.0-0022833661,Anomalous heat flow and geoid across the Cape Verde Rise: evidence for dynamic support from a thermal plume in the mantle,
8618188,2-s2.0-0020002369,Sulfate aerosol production in coal-fired power plant plumes,
96308,2-s2.0-0032300132,A simulation and comparative study of the CONWIP. Kanban and MRP production control systems in a cold rolling plant,
3131392,2-s2.0-0030217795,Decentralized control of the Tennessee Eastman Challenge Process,
255524881,2-s2.0-0027818161,Numerical and chemical classification of Streptosporangium and some related actinomycetes,
3650897121,2-s2.0-84856947095,Grain charging in protoplanetary discs,
1495362,2-s2.0-84947613755,Auto-ignition of biomass synthesis gas in shock tube at elevated temperature and pressure,
911070277,2-s2.0-84878790643,In-line sputter system prepared L10 ordered fept granular film for HAMR application,
9676,2-s2.0-85030656333,Iron and iron oxide nanoparticles are highly toxic to Culex quinquefasciatus with little non-target effects on larvivorous fishes,
627935,2-s2.0-84958259202,An Extended Kalman Filter as an observer in a sliding mode controller for a metal-polymer composite actuator,
643924870,2-s2.0-105030426254,Synthesis Methods for Polymer Nanocomposite,
332123,2-s2.0-84882981926,"Application of premature centromere separation, satellite association, and premature chromosome condensation in the risk assessment of workers exposed to carcinogens",
615872086,2-s2.0-85202350834,Modeling oxygen transport in Cr doped UO2 fuel with the TAF-ID during power transients,
9289470,2-s2.0-85030832735,Response and fatigue assessment of high speed aluminium hulls using short-term wireless hull monitoring,
4842,2-s2.0-85186862649,Equity assessment of global mitigation pathways in the IPCC Sixth Assessment Report,
1701137,2-s2.0-85058467502,Changes in microbial (Bacteria and archaea) plankton community structure after artificial dispersal in grazer-free microcosms,
42034508,2-s2.0-105040668278,Unlocking Investment for the Water-Energy-Food-Ecosystems Nexus: Key Drivers of Blended Finance for Sustainable Development,
4019,2-s2.0-0030214710,The development of a fuel cell stack electronic simulator for enhanced safety and reliability during test and training,
1929884491,2-s2.0-34548257376,First-principles calculation of vibrational frequencies for monoclinic tribismuth borate BiB3O6,
2271396247,2-s2.0-0023796963,The 1987 Borden Award lecture. Protein metabolism in premature human infants,
4783159,2-s2.0-0020226625,AUTOMATED CIRCUIT CARD ASSEMBLY - PROCESS AND FACILITY.,
811652,2-s2.0-85062530269,Support Vector Machine Based Hybrid Model for Prediction of Road Structures Construction Costs,
7965,2-s2.0-0024896735,Evaluation criteria for noise impacts associated with waste management and emission control,
53302157,2-s2.0-84944716102,"Climate, Inequality, and the Need for Reframing Climate Policy",
48789943,2-s2.0-84889678058,A computationally efficient fuzzy control s cheme for a class of MIMO systems,
736391243,2-s2.0-79960399444,A study on the closed-loop control system for urea-SCR in heavy-duty diesel engine,
560932838,2-s2.0-105000672313,Early-life programming of livestock metabolism by glucocorticoids,
6596717,2-s2.0-85035323349,Construction and demolition waste management on the building site: A literature review,
7243,2-s2.0-85047776795,Kinetics of Oligomerization of 1-Decene Catalyzed by Metallocene/MAO Catalyst,
906548108,2-s2.0-105041886987,AI-Assisted Electromagnetic Radiation Reconfigurable Antennas for Energy-Efficient and Green 6G Wireless Networks: A Comprehensive Review,
9672706,2-s2.0-85065796796,"Proof of principle study of a detailed whole-body image analysis technique, “Imiomics”, regarding adipose and lean tissue distribution",
1480525002,2-s2.0-84871655866,A functional sensor placement optimization method for power systems health monitoring,
2625,2-s2.0-85192768142,Dual-Loop Geometric Control of Stator Flux for Improved LVRT Response in DFIG-Based Wind Turbine Systems,
6642,2-s2.0-84906829648,Comparison of primary target volumes delineated on four-dimensional CT and 18 F-FDG PET/CT of non-small-cell lung cancer,
38033,2-s2.0-84867544428,Spatially-coupled random access on graphs,
9441,2-s2.0-84930240264,Histochemical evaluation of alkaloids in rhizome of Coptis chinensis using laser microdissection and liquid chromatography/mass spectrometry,
1143407919,2-s2.0-85217209432,"Increasing chemical coverage, accuracy, and reproducibility of the processing method for polar organic chemical integrative samplers",
34975,2-s2.0-85048730197,CFD simulation of hemispherical domes: structural flexibility and interference factors,
1842553044,2-s2.0-105002288277,"Artificial intelligence-driven modeling of biodiesel production from fats, oils, and grease (FOG) with process optimization via particle swarm optimization",
76032100,2-s2.0-85138899699,Self-supervised spatial-temporal prediction of multi-source sensor data for power systems,
3277832243,2-s2.0-105034611894,OPTIMIZATION OF BUS CONTROL STRUCTURE AND DESIGN OF INTELLIGENT DRIVING SYSTEM,
119400,2-s2.0-33745097976,Corrosion and compatibility of unprotected structural materials in eutectic lead alloy,
8050,2-s2.0-105033055500,"ECONOMIC GROWTH, FOREIGN DIRECT INVESTMENT, RENEWABLE ENERGY, AND INFLATION: A MULTI-FACTOR ANALYSIS OF TOURISM DEVELOPMENT IN VIETNAM",
3076154245,2-s2.0-83155160991,Identifying compromised users in shared computing infrastructures: A data-driven Bayesian network approach,
685212739,2-s2.0-0019482207,PHENOMENOLOGICAL CONSTITUTIVE LAWS IN FINITE PLASTICITY.,
20463550,2-s2.0-79751538668,Control of vibration on a hinged-hinged beam under a non-ideal excitation using RLC circuit with variable capacitance,
60157,2-s2.0-0031813921,"Cloning, renal distribution, and regulation of the rat Na+-HCO3/- cotransporter",
7899,2-s2.0-85032302220,Numerical Investigation on Stress based Forming Limit Diagram for Ti-6Al-4V Alloy,
70077984,2-s2.0-84947556472,Paroxetine ameliorates changes in hippocampal energy metabolism in chronic mild stress-exposed rats,
563398,2-s2.0-85110611767,Overview of grounding schemes for solid-state transformers in distribution networks,
65085149,2-s2.0-33745599140,Effect of maintenance therapy with varenicline on smoking cessation: A randomized controlled trial,
890200,2-s2.0-58149200996,Prediction for gas emission quantity of the working face based on LS-SVM,
538686919,2-s2.0-85215108656,Enhancing fine-tuning efficiency and design optimization of an eight-channel 3T transmit array via equivalent circuit modeling and Eigenmode analysis,
91077845,2-s2.0-85072420216,"Oxygen content variation in ""zero"" grade air due to production, treatment and distribution",
13199259,2-s2.0-85211436576,A global meta-analysis of gillnet bycatch of toothed whales: Mitigation measures and research gaps,
24688,2-s2.0-3342916723,Probabilistic screening model of volatile contaminant transport in the unsaturated and saturated zones,
210025,2-s2.0-84868514624,Electric vehicle powertrain architecture and control global optimization,
2933574,2-s2.0-85133966513,An Asynchronous Cooperative Signal Control Framework in Urban Road Network,
83292286,2-s2.0-105021399320,Impact of methane emissions on greenhouse gas emissions in selected sub-Saharan African countries: a comprehensive analysis and policy framework for mitigation strategies,
973558727,2-s2.0-105032234960,Optimizing protein yield in black soldier fly larvae through liquid milk waste utilization: A response surface methodology approach,
1498698,2-s2.0-85070903707,Assessment Reliability of Data in the Identification Friend or Foe Systems,
4951930249,2-s2.0-60649111684,Parameter tuning method of control loop for unmanned aerial vehicles,
3775,2-s2.0-85172690401,‘Benevolent’ patent extensions could raise billions for R&D in poorer countries,
83552,2-s2.0-85115062229,Estimation of hydrogen consumption for proton-exchange membrane fuel cells systems,
225487846,2-s2.0-0031023934,Expression of the orphan receptor steroidogenic factor-1 mRNA in the rat medial basal hypothalamus,
4210412,2-s2.0-84930638504,The use of standards on the LADEE mission,
3111957589,2-s2.0-85128020185,The adult learner in higher education: A critical review of theories and applications,
740645863,2-s2.0-84876021852,Overnight Fasting Regulates Inhibitory Tone to Cholinergic Neurons of the Dorsomedial Nucleus of the Hypothalamus,
10097023,2-s2.0-105031410292,"Diet-Induced Browning of White Adipose Tissue: Molecular Targets, Mechanisms, and Therapeutic Potential",
6229,2-s2.0-85110599490,TOQO: A new Tillage Operations Quality Optimization model based on parallel and dynamic Decision Support System,
60663732,2-s2.0-3042626610,"The economic impact of the catfish, Ictalurus punctatus, industry on Chicot County, Arkansas",
514033619,2-s2.0-0023520180,General anaesthesia for carbon dioxide laser surgery within the airway: A review,
611559365,2-s2.0-4544324308,"Thyroid hormone-dependent seasonality in American tree sparrows (Spizella arborea): Effects of GC-1, a thyroid receptor β-selective agonist, and of iopanoic acid, a deiodinase inhibitor",
5117697560,2-s2.0-105036182731,Exploring the research on the molecular mechanisms of autoimmune liver diseases,
6378375,2-s2.0-105037665480,A multiphysics electrochemical–thermal–mechanical model for predicting the lifetime and degradation pathways of hierarchical Co3O4/graphene anodes in sustainable lithium-ion batteries,
317425,2-s2.0-85081918139,Influence of hepcidin on iron homeostasis during last trimester of gestation in Bos indicus (cattle),
407858,2-s2.0-85120656366,Blockchain-Enhanced Fair and Efficient Energy Trading in Industrial Internet of Things,
13891,2-s2.0-85092137858,"Application of machine learning tool to predict the porosity of clastic depositional system, Indus Basin, Pakistan",
6679229,2-s2.0-0026941869,Picosecond and Femtosecond Pulse Generation in a Regeneratively Mode-Locked Ti: Sapphire Laser,
1177848150,2-s2.0-85210531423,Developing peer-led recovery groups (PRIZE) for people with psychosis and their caregivers in a low resource South African setting,
269671,2-s2.0-77953320858,An experimental case for SIMO random access in multi-hop wireless networks,
